ISIN,verdict,component,db_column,serializer_raw,serializer_norm,db_reference_value,diff_bp,quality_actual
DE0005152441,WARN_EUR_ONLY,entry,Entry_Fee_Pct,Hasta 500 EUR,0.05,0.0,500.0,LOW
DE0005152482,WARN_EUR_ONLY,entry,Entry_Fee_Pct,Hasta 500 EUR,0.05,0.0,500.0,LOW
DE0005318406,WARN_EUR_ONLY,entry,Entry_Fee_Pct,Hasta 300 EUR,0.03,0.0,300.0,LOW
DE0008474024,WARN_EUR_ONLY,entry,Entry_Fee_Pct,Hasta 500 EUR,0.05,0.0,500.0,LOW
DE0008474263,WARN_EUR_ONLY,entry,Entry_Fee_Pct,Hasta 300 EUR,0.03,0.0,300.0,LOW
DE0008476532,WARN_EUR_ONLY,entry,Entry_Fee_Pct,Hasta 250 EUR,0.025,0.0,250.0,LOW
DE0008490897,WARN_EUR_ONLY,entry,Entry_Fee_Pct,Hasta 500 EUR,0.05,0.0,500.0,LOW
DE0008490962,WARN_EUR_ONLY,entry,Entry_Fee_Pct,Hasta 500 EUR,0.05,0.0,500.0,LOW
DE0009769729,WARN_EUR_ONLY,entry,Entry_Fee_Pct,Hasta 400 EUR,0.04,0.0,400.0,LOW
DE0009769869,WARN_EUR_ONLY,entry,Entry_Fee_Pct,Hasta 500 EUR,0.05,0.0,500.0,LOW
DE0009769976,WARN_EUR_ONLY,entry,Entry_Fee_Pct,Hasta 500 EUR,0.05,0.0,500.0,LOW
DE0009848119,WARN_EUR_ONLY,entry,Entry_Fee_Pct,Hasta 500 EUR,0.05,0.0,500.0,LOW
DE000DWS17J0,WARN_EUR_ONLY,entry,Entry_Fee_Pct,Hasta 500 EUR,0.05,0.0,500.0,LOW
DE000DWS18N0,WARN_EUR_ONLY,entry,Entry_Fee_Pct,Hasta 500 EUR,0.05,0.0,500.0,LOW
DE000DWS1U90,WARN_EUR_ONLY,entry,Entry_Fee_Pct,Hasta 500 EUR,0.05,0.0,500.0,LOW
DE000DWS1UL0,WARN_EUR_ONLY,entry,Entry_Fee_Pct,Hasta 250 EUR,0.025,0.0,250.0,LOW
DE000DWS22Q5,WARN_EUR_ONLY,entry,Entry_Fee_Pct,Hasta 300 EUR,0.03,0.0,300.0,LOW
DE000DWS29E6,WARN_EUR_ONLY,entry,Entry_Fee_Pct,Hasta 500 EUR,0.05,0.0,500.0,LOW
DE000DWS29J5,WARN_EUR_ONLY,entry,Entry_Fee_Pct,Hasta 250 EUR,0.025,0.0,250.0,LOW
DE000DWS2EA5,WARN_EUR_ONLY,entry,Entry_Fee_Pct,Hasta 500 EUR,0.05,0.0,500.0,LOW
DE000DWS2XX7,WARN_EUR_ONLY,entry,Entry_Fee_Pct,Hasta 500 EUR,0.05,0.0,500.0,LOW
DE000DWS3LN1,WARN_EUR_ONLY,entry,Entry_Fee_Pct,Hasta 500 EUR,0.05,0.0,500.0,LOW
ES0126547035,OK_HEURISTIC,oc,Ongoing_Charge_Recurrent,0.76%,0.0076,0.0152,76.0,LOW
ES0132214034,OK_HEURISTIC,oc,Ongoing_Charge_Recurrent,1.49%,0.0149,0.0298,149.0,LOW
ES0155598008,OK_HEURISTIC,oc,Ongoing_Charge_Recurrent,0.25%,0.0025,0.005,25.0,LOW
ES0155598032,OK_HEURISTIC,oc,Ongoing_Charge_Recurrent,0.40%,0.004,0.008,40.0,LOW
FR0000447823,WARN_NO_OC,exit,Exit_Fee_Pct,"0,06 %",0.0006,0.0,6.0,LOW
FR0010027623,WARN_EUR_ONLY,entry,Entry_Fee_Pct,40 EUR,0.004,0.0,40.0,LOW
FR0010664052,WARN_EUR_ONLY,entry,Entry_Fee_Pct,300 EUR,0.03,0.0,300.0,HIGH
FR0010664086,WARN_EUR_ONLY,entry,Entry_Fee_Pct,300 EUR,0.03,0.0,300.0,HIGH
FR0011034495,OK_HEURISTIC,oc,Ongoing_Charge_Recurrent,"1,26%",0.0126,0.022,94.0,HIGH
FR0011034495,OK_HEURISTIC,entry,Entry_Fee_Pct,"1,00%",0.01,0.0,100.0,HIGH
FR0013460920,OK_HEURISTIC,oc,Ongoing_Charge_Recurrent,"0,86%",0.0086,0.018,94.0,HIGH
FR0013460920,OK_HEURISTIC,entry,Entry_Fee_Pct,"1,00%",0.01,0.0,100.0,HIGH
FR0013460961,OK_HEURISTIC,oc,Ongoing_Charge_Recurrent,"0,86%",0.0086,0.018,94.0,HIGH
FR0013460961,OK_HEURISTIC,entry,Entry_Fee_Pct,"1,00%",0.01,0.0,100.0,HIGH
FR0014008W22,OK_HEURISTIC,oc,Ongoing_Charge_Recurrent,"1,20%",0.012,0.026,140.0,MEDIUM_EUR
FR0014008W22,OK_HEURISTIC,entry,Entry_Fee_Pct,"4,00%",0.04,0.0,400.0,MEDIUM_EUR
FR0014008W55,OK_HEURISTIC,oc,Ongoing_Charge_Recurrent,"1,20%",0.012,0.026,140.0,MEDIUM_EUR
FR0014008W55,OK_HEURISTIC,entry,Entry_Fee_Pct,"4,00%",0.04,0.0,400.0,MEDIUM_EUR
FR0014008WH6,OK_HEURISTIC,oc,Ongoing_Charge_Recurrent,"1,60%",0.016,0.03,140.0,MEDIUM_EUR
FR0014008WH6,OK_HEURISTIC,entry,Entry_Fee_Pct,"4,00%",0.04,0.0,400.0,MEDIUM_EUR
FR001400JGB5,OK_HEURISTIC,oc,Ongoing_Charge_Recurrent,"0,95%",0.0095,0.021,115.0,MEDIUM_EUR
FR001400JGB5,OK_HEURISTIC,entry,Entry_Fee_Pct,"4,00%",0.04,0.0,400.0,MEDIUM_EUR
FR001400JGE9,OK_HEURISTIC,oc,Ongoing_Charge_Recurrent,"0,95%",0.0095,0.021,115.0,MEDIUM_EUR
FR001400JGE9,OK_HEURISTIC,entry,Entry_Fee_Pct,"4,00%",0.04,0.0,400.0,MEDIUM_EUR
FR001400JGG4,OK_HEURISTIC,oc,Ongoing_Charge_Recurrent,"0,45%",0.0045,0.016,115.0,MEDIUM_EUR
FR001400JGG4,OK_HEURISTIC,entry,Entry_Fee_Pct,"4,00%",0.04,0.0,400.0,MEDIUM_EUR
FR001400JGI0,OK_HEURISTIC,oc,Ongoing_Charge_Recurrent,"0,45%",0.0045,0.016,115.0,MEDIUM_EUR
FR001400JGI0,OK_HEURISTIC,entry,Entry_Fee_Pct,"4,00%",0.04,0.0,400.0,MEDIUM_EUR
FR001400RZ04,WARN_EUR_ONLY,entry,Entry_Fee_Pct,300 EUR,0.03,0.0,300.0,HIGH
FR001400S680,OK_HEURISTIC,oc,Ongoing_Charge_Recurrent,"1,11%",0.0111,0.023,119.0,MEDIUM_EUR
FR001400S680,OK_HEURISTIC,entry,Entry_Fee_Pct,"4,00%",0.04,0.0,400.0,MEDIUM_EUR
IE0002458671,OK_HEURISTIC,oc,Ongoing_Charge_Recurrent,"0,84%",0.0084,0.0095,11.0,LOW
IE0002459539,OK_HEURISTIC,oc,Ongoing_Charge_Recurrent,"0,55%",0.0055,0.018,125.0,LOW
IE0002460198,OK_HEURISTIC,oc,Ongoing_Charge_Recurrent,"0,49%",0.0049,0.023,181.0,LOW
IE0002461055,OK_HEURISTIC,oc,Ongoing_Charge_Recurrent,"0,49%",0.0049,0.023,181.0,LOW
IE0005300136,OK_HEURISTIC,oc,Ongoing_Charge_Recurrent,"0,85%",0.0085,0.026,175.0,LOW
IE0005300243,OK_HEURISTIC,oc,Ongoing_Charge_Recurrent,"0,85%",0.0085,0.026,175.0,LOW
IE0005300912,OK_HEURISTIC,oc,Ongoing_Charge_Recurrent,"0,84%",0.0084,0.027,186.0,LOW
IE0005302959,OK_HEURISTIC,oc,Ongoing_Charge_Recurrent,"0,84%",0.0084,0.027,186.0,LOW
IE0005304773,OK_HEURISTIC,oc,Ongoing_Charge_Recurrent,"0,81%",0.0081,0.026,179.0,LOW
IE000JXUTJG7,OK_HEURISTIC,oc,Ongoing_Charge_Recurrent,"0,84%",0.0084,0.0095,11.0,LOW
IE000NGCG706,OK_HEURISTIC,oc,Ongoing_Charge_Recurrent,"0,59%",0.0059,0.024,181.0,LOW
IE000XOK9474,OK_HEURISTIC,oc,Ongoing_Charge_Recurrent,"1,49%",0.0149,0.033,181.0,LOW
IE0032568887,OK_HEURISTIC,oc,Ongoing_Charge_Recurrent,"0,49%",0.0049,0.024,191.0,LOW
IE0032593158,OK_HEURISTIC,oc,Ongoing_Charge_Recurrent,"0,90%",0.009,0.004,50.0,NONE
IE0032875985,OK_HEURISTIC,oc,Ongoing_Charge_Recurrent,"0,49%",0.0049,0.024,191.0,LOW
IE0032876397,OK_HEURISTIC,oc,Ongoing_Charge_Recurrent,"0,49%",0.0049,0.023,181.0,LOW
IE0033386453,OK_HEURISTIC,oc,Ongoing_Charge_Recurrent,"0,49%",0.0049,0.023,181.0,LOW
IE0034085260,OK_HEURISTIC,oc,Ongoing_Charge_Recurrent,"0,49%",0.0049,0.023,181.0,LOW
IE00B0105X63,OK_HEURISTIC,oc,Ongoing_Charge_Recurrent,"0,85%",0.0085,0.0036,49.0,NONE
IE00B0122Y20,OK_HEURISTIC,oc,Ongoing_Charge_Recurrent,"0,81%",0.0081,0.058,499.0,HIGH
IE00B01FHV31,WARN_EUR_ONLY,entry,Entry_Fee_Pct,Hasta 500 EUR,0.05,0.0,500.0,HIGH
IE00B05K1Q71,OK_HEURISTIC,oc,Ongoing_Charge_Recurrent,"0,84%",0.0084,0.0016,68.0,NONE
IE00B05QM511,OK_HEURISTIC,oc,Ongoing_Charge_Recurrent,"0,84%",0.0084,0.027,186.0,LOW
IE00B063CF11,OK_HEURISTIC,oc,Ongoing_Charge_Recurrent,"0,84%",0.0084,0.003,54.0,NONE
IE00B06CFP96,WARN_EUR_ONLY,entry,Entry_Fee_Pct,Hasta 500 EUR,0.05,0.0,500.0,HIGH
IE00B073NJ12,OK_HEURISTIC,oc,Ongoing_Charge_Recurrent,"0,49%",0.0049,0.024,191.0,LOW
IE00B0M2Y900,OK_HEURISTIC,oc,Ongoing_Charge_Recurrent,"1,40%",0.014,0.032,180.0,LOW
IE00B0MD9M11,OK_HEURISTIC,oc,Ongoing_Charge_Recurrent,"1,39%",0.0139,0.032,181.0,LOW
IE00B0V9SY54,OK_HEURISTIC,oc,Ongoing_Charge_Recurrent,"0,49%",0.0049,0.024,191.0,LOW
IE00B11XYY66,OK_HEURISTIC,oc,Ongoing_Charge_Recurrent,"1,36%",0.0136,0.031,174.0,LOW
IE00B11XZ103,OK_HEURISTIC,oc,Ongoing_Charge_Recurrent,"1,39%",0.0139,0.032,181.0,LOW
IE00B11XZ210,OK_HEURISTIC,oc,Ongoing_Charge_Recurrent,"1,39%",0.0139,0.032,181.0,LOW
IE00B11XZ327,OK_HEURISTIC,oc,Ongoing_Charge_Recurrent,"1,45%",0.0145,0.034,195.0,LOW
IE00B11XZ434,OK_HEURISTIC,oc,Ongoing_Charge_Recurrent,"1,39%",0.0139,0.032,181.0,LOW
IE00B11XZ764,OK_HEURISTIC,oc,Ongoing_Charge_Recurrent,"1,45%",0.0145,0.033,185.0,LOW
IE00B11XZ988,OK_HEURISTIC,oc,Ongoing_Charge_Recurrent,"1,40%",0.014,0.032,180.0,LOW
IE00B11XZB05,OK_HEURISTIC,oc,Ongoing_Charge_Recurrent,"1,40%",0.014,0.032,180.0,LOW
IE00B120J296,OK_HEURISTIC,oc,Ongoing_Charge_Recurrent,"1,04%",0.0104,0.0032,72.0,NONE
IE00B138GV00,OK_HEURISTIC,oc,Ongoing_Charge_Recurrent,"0,69%",0.0069,0.025,181.0,LOW
IE00B193MK07,OK_HEURISTIC,oc,Ongoing_Charge_Recurrent,"1,59%",0.0159,0.034,181.0,LOW
IE00B1Z6D669,OK_HEURISTIC,oc,Ongoing_Charge_Recurrent,"1,59%",0.0159,0.034,181.0,LOW
IE00B23T0K72,WARN_EUR_ONLY,entry,Entry_Fee_Pct,Hasta 500 EUR,0.05,0.0,500.0,HIGH
IE00B2478W85,OK_HEURISTIC,oc,Ongoing_Charge_Recurrent,"1,36%",0.0136,0.064,504.0,HIGH
IE00B283G405,OK_HEURISTIC,oc,Ongoing_Charge_Recurrent,"1,36%",0.0136,0.064,504.0,HIGH
IE00B28D5Z40,OK_HEURISTIC,oc,Ongoing_Charge_Recurrent,"0,69%",0.0069,0.025,181.0,LOW
IE00B2R34T20,OK_HEURISTIC,oc,Ongoing_Charge_Recurrent,"1,39%",0.0139,0.032,181.0,LOW
IE00B3D1YW09,OK_HEURISTIC,oc,Ongoing_Charge_Recurrent,"0,49%",0.0049,0.023,181.0,LOW
IE00B3FNF870,OK_HEURISTIC,oc,Ongoing_Charge_Recurrent,"1,39%",0.0139,0.033,191.0,LOW
IE00B3K7XK29,OK_HEURISTIC,oc,Ongoing_Charge_Recurrent,"1,39%",0.0139,0.032,181.0,LOW
IE00B3KQH184,OK_HEURISTIC,oc,Ongoing_Charge_Recurrent,"0,84%",0.0084,0.0016,68.0,NONE
IE00B3KQH291,OK_HEURISTIC,oc,Ongoing_Charge_Recurrent,"0,84%",0.0084,0.003,54.0,NONE
IE00B3KYRN47,OK_HEURISTIC,oc,Ongoing_Charge_Recurrent,"0,99%",0.0099,0.0016,83.0,NONE
IE00B3QDMK77,OK_HEURISTIC,oc,Ongoing_Charge_Recurrent,"1,39%",0.0139,0.032,181.0,LOW
IE00B3QDZQ43,OK_HEURISTIC,oc,Ongoing_Charge_Recurrent,"1,25%",0.0125,0.0034,91.0,NONE
IE00B3V8Y234,OK_HEURISTIC,oc,Ongoing_Charge_Recurrent,"0,49%",0.0049,0.023,181.0,LOW
IE00B3VXGD32,OK_HEURISTIC,oc,Ongoing_Charge_Recurrent,"1,61%",0.0161,0.028,119.0,HIGH
IE00B3VYV533,OK_HEURISTIC,oc,Ongoing_Charge_Recurrent,"0,49%",0.0049,0.023,181.0,LOW
IE00B42N9S52,OK_HEURISTIC,oc,Ongoing_Charge_Recurrent,"1,11%",0.0111,0.017,59.0,HIGH
IE00B42NVC37,OK_HEURISTIC,oc,Ongoing_Charge_Recurrent,"1,11%",0.0111,0.017,59.0,HIGH
IE00B433M743,OK_HEURISTIC,oc,Ongoing_Charge_Recurrent,"1,61%",0.0161,0.022,59.0,HIGH
IE00B4468526,OK_HEURISTIC,oc,Ongoing_Charge_Recurrent,"1,61%",0.0161,0.022,59.0,HIGH
IE00B46MFP70,OK_HEURISTIC,oc,Ongoing_Charge_Recurrent,"1,39%",0.0139,0.032,181.0,LOW
IE00B4R5BP74,OK_HEURISTIC,oc,Ongoing_Charge_Recurrent,"0,90%",0.009,0.027,180.0,LOW
IE00B4TG9K96,OK_HEURISTIC,oc,Ongoing_Charge_Recurrent,"1,59%",0.0159,0.034,181.0,LOW
IE00B4TJVF73,OK_HEURISTIC,oc,Ongoing_Charge_Recurrent,"1,59%",0.0159,0.034,181.0,LOW
IE00B4WX2D18,OK_HEURISTIC,oc,Ongoing_Charge_Recurrent,"0,99%",0.0099,0.003,69.0,NONE
IE00B4YYY703,OK_HEURISTIC,oc,Ongoing_Charge_Recurrent,"2,15%",0.0215,0.034,125.0,LOW
IE00B52VLZ70,OK_HEURISTIC,oc,Ongoing_Charge_Recurrent,"1,33%",0.0133,0.015,17.0,HIGH
IE00B55MWC15,OK_HEURISTIC,oc,Ongoing_Charge_Recurrent,"0,83%",0.0083,0.01,17.0,HIGH
IE00B566G866,OK_HEURISTIC,oc,Ongoing_Charge_Recurrent,"0,90%",0.009,0.005,40.0,NONE
IE00B5B5L056,OK_HEURISTIC,oc,Ongoing_Charge_Recurrent,"1,80%",0.018,0.036,180.0,LOW
IE00B66BK865,OK_HEURISTIC,oc,Ongoing_Charge_Recurrent,"1,39%",0.0139,0.032,181.0,LOW
IE00B7KFL990,OK_HEURISTIC,oc,Ongoing_Charge_Recurrent,"1,45%",0.0145,0.033,185.0,LOW
IE00B80G9288,OK_HEURISTIC,oc,Ongoing_Charge_Recurrent,"0,55%",0.0055,0.024,185.0,LOW
IE00B84J9L26,OK_HEURISTIC,oc,Ongoing_Charge_Recurrent,"1,45%",0.0145,0.033,185.0,LOW
IE00B86Y3465,OK_HEURISTIC,oc,Ongoing_Charge_Recurrent,"0,49%",0.0049,0.024,191.0,LOW
IE00B873BF95,OK_HEURISTIC,oc,Ongoing_Charge_Recurrent,"0,49%",0.0049,0.023,181.0,LOW
IE00B87KCF77,OK_HEURISTIC,oc,Ongoing_Charge_Recurrent,"0,55%",0.0055,0.024,185.0,LOW
IE00B8D0PH41,OK_HEURISTIC,oc,Ongoing_Charge_Recurrent,"0,55%",0.0055,0.024,185.0,LOW
IE00B8DTNZ55,OK_HEURISTIC,oc,Ongoing_Charge_Recurrent,"0,49%",0.0049,0.023,181.0,LOW
IE00B8JDQ960,OK_HEURISTIC,oc,Ongoing_Charge_Recurrent,"0,55%",0.0055,0.024,185.0,LOW
IE00B8K7V925,OK_HEURISTIC,oc,Ongoing_Charge_Recurrent,"1,45%",0.0145,0.033,185.0,LOW
IE00B8N0MW85,OK_HEURISTIC,oc,Ongoing_Charge_Recurrent,"1,45%",0.0145,0.033,185.0,LOW
IE00B8VVSZ88,OK_HEURISTIC,oc,Ongoing_Charge_Recurrent,"1,69%",0.0169,0.029,121.0,LOW
IE00B957J671,OK_HEURISTIC,oc,Ongoing_Charge_Recurrent,"1,69%",0.0169,0.029,121.0,LOW
IE00B98CPZ00,OK_HEURISTIC,oc,Ongoing_Charge_Recurrent,"0,90%",0.009,0.027,180.0,LOW
IE00BDCRG239,OK_HEURISTIC,oc,Ongoing_Charge_Recurrent,"1,39%",0.0139,0.032,181.0,LOW
IE00BDT57Y96,OK_HEURISTIC,oc,Ongoing_Charge_Recurrent,"1,45%",0.0145,0.032,175.0,LOW
IE00BDTM8703,OK_HEURISTIC,oc,Ongoing_Charge_Recurrent,"1,45%",0.0145,0.033,185.0,LOW
IE00BF0GL212,OK_HEURISTIC,oc,Ongoing_Charge_Recurrent,"1,41%",0.0141,0.023,89.0,HIGH
IE00BF0GL436,OK_HEURISTIC,oc,Ongoing_Charge_Recurrent,"0,91%",0.0091,0.013,39.0,HIGH
IE00BFRSV973,OK_HEURISTIC,oc,Ongoing_Charge_Recurrent,"1,69%",0.0169,0.035,181.0,LOW
IE00BFZ89957,OK_HEURISTIC,oc,Ongoing_Charge_Recurrent,"0,52%",0.0052,0.023,178.0,LOW
IE00BFZ89B79,OK_HEURISTIC,oc,Ongoing_Charge_Recurrent,"0,52%",0.0052,0.023,178.0,LOW
IE00BG800X66,OK_HEURISTIC,oc,Ongoing_Charge_Recurrent,"1,69%",0.0169,0.036,191.0,LOW
IE00BG800Y73,OK_HEURISTIC,oc,Ongoing_Charge_Recurrent,"1,69%",0.0169,0.036,191.0,LOW
IE00BJGT6Q17,OK_HEURISTIC,oc,Ongoing_Charge_Recurrent,"1,45%",0.0145,0.021,65.0,LOW
IE00BJV3R547,OK_HEURISTIC,oc,Ongoing_Charge_Recurrent,"1,45%",0.0145,0.021,65.0,LOW
IE00BK74P760,OK_HEURISTIC,oc,Ongoing_Charge_Recurrent,"0,52%",0.0052,0.023,178.0,LOW
IE00BKT1DL55,OK_HEURISTIC,oc,Ongoing_Charge_Recurrent,"0,65%",0.0065,0.025,185.0,LOW
IE00BKT1DM62,OK_HEURISTIC,oc,Ongoing_Charge_Recurrent,"1,55%",0.0155,0.034,185.0,LOW
IE00BKTH5L76,OK_HEURISTIC,oc,Ongoing_Charge_Recurrent,"0,52%",0.0052,0.023,178.0,LOW
IE00BKTH5S46,OK_HEURISTIC,oc,Ongoing_Charge_Recurrent,"1,42%",0.0142,0.032,178.0,LOW
IE00BLF7P290,OK_HEURISTIC,oc,Ongoing_Charge_Recurrent,"1,45%",0.0145,0.021,65.0,LOW
IE00BLF7P308,OK_HEURISTIC,oc,Ongoing_Charge_Recurrent,"1,45%",0.0145,0.021,65.0,LOW
IE00BLG2W007,OK_HEURISTIC,oc,Ongoing_Charge_Recurrent,"1,71%",0.0171,0.0104,67.0,MEDIUM_EUR
IE00BLH0Z375,OK_HEURISTIC,oc,Ongoing_Charge_Recurrent,"0,52%",0.0052,0.023,178.0,LOW
IE00BLH0ZN77,OK_HEURISTIC,oc,Ongoing_Charge_Recurrent,"1,42%",0.0142,0.032,178.0,LOW
IE00BLP58K20,WARN_EUR_ONLY,entry,Entry_Fee_Pct,Hasta 500 EUR,0.05,0.0,500.0,HIGH
IE00BLP5S460,WARN_EUR_ONLY,entry,Entry_Fee_Pct,Hasta 500 EUR,0.05,0.0,500.0,MEDIUM_CROSS
IE00BLZH2R37,OK_HEURISTIC,oc,Ongoing_Charge_Recurrent,"0,79%",0.0079,0.027,191.0,LOW
IE00BM95B514,OK_HEURISTIC,oc,Ongoing_Charge_Recurrent,"1,11%",0.0111,0.017,59.0,HIGH
IE00BM95B621,OK_HEURISTIC,oc,Ongoing_Charge_Recurrent,"1,61%",0.0161,0.022,59.0,HIGH
IE00BMW4NG08,OK_HEURISTIC,oc,Ongoing_Charge_Recurrent,"1,49%",0.0149,0.033,181.0,LOW
IE00BMW4NH15,OK_HEURISTIC,oc,Ongoing_Charge_Recurrent,"0,59%",0.0059,0.023,171.0,LOW
IE00BMW4NJ39,OK_HEURISTIC,oc,Ongoing_Charge_Recurrent,"1,49%",0.0149,0.032,171.0,LOW
IE00BN783L91,OK_HEURISTIC,oc,Ongoing_Charge_Recurrent,"1,55%",0.0155,0.034,185.0,LOW
IE00BNC17W29,OK_HEURISTIC,oc,Ongoing_Charge_Recurrent,"0,59%",0.0059,0.024,181.0,LOW
IE00BTN23623,OK_HEURISTIC,oc,Ongoing_Charge_Recurrent,"1,61%",0.0161,0.022,59.0,HIGH
IE00BV1VS594,OK_HEURISTIC,oc,Ongoing_Charge_Recurrent,"0,90%",0.009,0.027,180.0,LOW
IE00BWGCDT37,OK_HEURISTIC,oc,Ongoing_Charge_Recurrent,"0,90%",0.009,0.028,190.0,LOW
IE00BWY53M78,OK_HEURISTIC,oc,Ongoing_Charge_Recurrent,"0,90%",0.009,0.028,190.0,LOW
IE00BYM81J55,OK_HEURISTIC,oc,Ongoing_Charge_Recurrent,"1,05%",0.0105,0.0036,69.0,NONE
IE00BYZNBK89,OK_HEURISTIC,oc,Ongoing_Charge_Recurrent,"1,59%",0.0159,0.036,201.0,LOW
IE00BZ4D7085,OK_HEURISTIC,oc,Ongoing_Charge_Recurrent,"1,11%",0.0111,0.016,49.0,HIGH
IE00BZ4D7648,OK_HEURISTIC,oc,Ongoing_Charge_Recurrent,"1,61%",0.0161,0.022,59.0,HIGH
IE00BZ6SDZ85,OK_HEURISTIC,oc,Ongoing_Charge_Recurrent,"1,14%",0.0114,0.004,74.0,NONE
LU0003549028,WARN_EUR_ONLY,entry,Entry_Fee_Pct,Hasta 300 EUR,0.03,0.0,300.0,LOW
LU0011815304,OK_HEURISTIC,oc,Ongoing_Charge_Recurrent,"0,45%",0.0045,0.0076,31.0,LOW
LU0028118809,OK_HEURISTIC,oc,Ongoing_Charge_Recurrent,"1,98 %",0.0198,0.002,178.0,LOW
LU0028119013,OK_HEURISTIC,oc,Ongoing_Charge_Recurrent,"1,86 %",0.0186,0.0106,80.0,HIGH
LU0034353002,WARN_EUR_ONLY,entry,Entry_Fee_Pct,Hasta 100 EUR,0.01,0.0,100.0,LOW
LU0042381250,WARN_EUR_ONLY,entry,Entry_Fee_Pct,Hasta 200 USD,0.02,0.0,200.0,LOW
LU0048573561,OK_HEURISTIC,entry,Entry_Fee_Pct,5.3%,0.053,0.0,530.0,MEDIUM_EUR
LU0048579097,OK_HEURISTIC,oc,Ongoing_Charge_Recurrent,1.0%,0.01,0.0119,19.0,LOW
LU0048580004,OK_HEURISTIC,entry,Entry_Fee_Pct,5.3%,0.053,0.0,530.0,LOW
LU0052474979,OK_HEURISTIC,oc,Ongoing_Charge_Recurrent,"1,72%",0.0172,0.0222,50.0,LOW
LU0052588471,OK_HEURISTIC,entry,Entry_Fee_Pct,5.3%,0.053,0.0,530.0,LOW
LU0052620894,WARN_EUR_ONLY,entry,Entry_Fee_Pct,Hasta 200 EUR,0.02,0.0,200.0,LOW
LU0056886558,OK_HEURISTIC,oc,Ongoing_Charge_Recurrent,1.6%,0.016,0.0155,5.0,MEDIUM_EUR
LU0056886558,OK_HEURISTIC,entry,Entry_Fee_Pct,5.3%,0.053,0.0,530.0,MEDIUM_EUR
LU0058908533,OK_HEURISTIC,oc,Ongoing_Charge_Recurrent,"1,80%",0.018,0.0205,25.0,LOW
LU0058908533,OK_HEURISTIC,entry,Entry_Fee_Pct,"5,00%",0.05,0.0,500.0,LOW
LU0062756647,WARN_EUR_ONLY,entry,Entry_Fee_Pct,Hasta 500 EUR,0.05,0.0,500.0,LOW
LU0064675639,OK_HEURISTIC,oc,Ongoing_Charge_Recurrent,1.80%,0.018,0.0014,166.0,MEDIUM_EUR
LU0066341099,OK_HEURISTIC,oc,Ongoing_Charge_Recurrent,"1,03 %",0.0103,0.0012,91.0,HIGH
LU0068770873,WARN_EUR_ONLY,entry,Entry_Fee_Pct,Hasta 500 EUR,0.05,0.0,500.0,LOW
LU0070177588,OK_HEURISTIC,oc,Ongoing_Charge_Recurrent,"0,45%",0.0045,0.0053,8.0,LOW
LU0070212591,OK_HEURISTIC,oc,Ongoing_Charge_Recurrent,"1,66%",0.0166,0.0207,41.0,LOW
LU0070214290,OK_HEURISTIC,oc,Ongoing_Charge_Recurrent,"1,67%",0.0167,0.02,33.0,LOW
LU0070214290,OK_HEURISTIC,entry,Entry_Fee_Pct,"5,00%",0.05,0.0,500.0,LOW
LU0070214613,OK_HEURISTIC,oc,Ongoing_Charge_Recurrent,"1,80%",0.018,0.0191,11.0,LOW
LU0073229253,WARN_EUR_ONLY,entry,Entry_Fee_Pct,Hasta 525 USD,0.0525,0.0,525.0,LOW
LU0073229840,WARN_EUR_ONLY,entry,Entry_Fee_Pct,Hasta 525 USD,0.0525,0.0,525.0,LOW
LU0073230004,WARN_EUR_ONLY,entry,Entry_Fee_Pct,Hasta 525 USD,0.0525,0.0,525.0,LOW
LU0073230426,WARN_EUR_ONLY,entry,Entry_Fee_Pct,Hasta 400 USD,0.04,0.0,400.0,LOW
LU0073232471,WARN_EUR_ONLY,entry,Entry_Fee_Pct,Hasta 525 USD,0.0525,0.0,525.0,LOW
LU0073234253,WARN_EUR_ONLY,entry,Entry_Fee_Pct,Hasta 400 EUR,0.04,0.0,400.0,LOW
LU0073235904,WARN_EUR_ONLY,entry,Entry_Fee_Pct,Hasta 400 EUR,0.04,0.0,400.0,LOW
LU0073254285,WARN_EUR_ONLY,entry,Entry_Fee_Pct,Hasta 400 EUR,0.04,0.0,400.0,LOW
LU0073255761,WARN_EUR_ONLY,entry,Entry_Fee_Pct,Hasta 400 EUR,0.04,0.0,400.0,LOW
LU0079556006,OK_HEURISTIC,oc,Ongoing_Charge_Recurrent,"1,72%",0.0172,0.0206,34.0,LOW
LU0082616367,OK_HEURISTIC,oc,Ongoing_Charge_Recurrent,"1,71%",0.0171,0.0235,64.0,LOW
LU0087133087,OK_HEURISTIC,oc,Ongoing_Charge_Recurrent,"0,67%",0.0067,0.01,33.0,LOW
LU0087412390,WARN_EUR_ONLY,entry,Entry_Fee_Pct,Hasta 200 EUR,0.02,0.0,200.0,LOW
LU0094557526,OK_HEURISTIC,oc,Ongoing_Charge_Recurrent,"1,97%",0.0197,0.034,143.0,LOW
LU0094560744,OK_HEURISTIC,oc,Ongoing_Charge_Recurrent,"1,92%",0.0192,0.033,138.0,LOW
LU0095938881,OK_HEURISTIC,oc,Ongoing_Charge_Recurrent,"1,45%",0.0145,0.0281,136.0,LOW
LU0095938881,OK_HEURISTIC,entry,Entry_Fee_Pct,"5,00%",0.05,0.0,500.0,LOW
LU0102737144,OK_HEURISTIC,oc,Ongoing_Charge_Recurrent,"1,21 %",0.0121,0.014,19.0,HIGH
LU0102737730,OK_HEURISTIC,oc,Ongoing_Charge_Recurrent,"0,38 %",0.0038,0.0012,26.0,LOW
LU0108415935,OK_HEURISTIC,oc,Ongoing_Charge_Recurrent,"1,06%",0.0106,0.0114,8.0,LOW
LU0108415935,OK_HEURISTIC,entry,Entry_Fee_Pct,"3,00%",0.03,0.0,300.0,LOW
LU0108416313,OK_HEURISTIC,oc,Ongoing_Charge_Recurrent,"0,60%",0.006,0.0068,8.0,LOW
LU0114721177,OK_HEURISTIC,oc,Ongoing_Charge_Recurrent,2.7%,0.027,0.0265,5.0,LOW
LU0114721508,OK_HEURISTIC,entry,Entry_Fee_Pct,5.3%,0.053,0.0,530.0,LOW
LU0114722738,OK_HEURISTIC,oc,Ongoing_Charge_Recurrent,2.7%,0.027,0.0265,5.0,LOW
LU0115096736,OK_HEURISTIC,oc,Ongoing_Charge_Recurrent,"2,55%",0.0255,0.0266,11.0,LOW
LU0115097544,OK_HEURISTIC,oc,Ongoing_Charge_Recurrent,"2,18%",0.0218,0.0251,33.0,LOW
LU0115097544,OK_HEURISTIC,entry,Entry_Fee_Pct,"5,00%",0.05,0.0,500.0,LOW
LU0115098948,OK_HEURISTIC,oc,Ongoing_Charge_Recurrent,"2,15%",0.0215,0.0351,136.0,LOW
LU0115098948,OK_HEURISTIC,entry,Entry_Fee_Pct,"5,00%",0.05,0.0,500.0,LOW
LU0115099839,OK_HEURISTIC,oc,Ongoing_Charge_Recurrent,"2,16%",0.0216,0.0257,41.0,LOW
LU0115103029,OK_HEURISTIC,oc,Ongoing_Charge_Recurrent,"1,44%",0.0144,0.0152,8.0,LOW
LU0115103029,OK_HEURISTIC,entry,Entry_Fee_Pct,"3,00%",0.03,0.0,300.0,LOW
LU0115139569,OK_HEURISTIC,oc,Ongoing_Charge_Recurrent,"2,64 %",0.0264,0.007,194.0,HIGH
LU0115141201,OK_HEURISTIC,oc,Ongoing_Charge_Recurrent,"2,48 %",0.0248,0.002,228.0,LOW
LU0115141466,OK_HEURISTIC,oc,Ongoing_Charge_Recurrent,"2,61 %",0.0261,0.0106,155.0,HIGH
LU0115142274,OK_HEURISTIC,oc,Ongoing_Charge_Recurrent,"2,84 %",0.0284,0.013,154.0,HIGH
LU0115143082,OK_HEURISTIC,oc,Ongoing_Charge_Recurrent,"2,78 %",0.0278,0.0162,116.0,HIGH
LU0115143165,OK_HEURISTIC,oc,Ongoing_Charge_Recurrent,"2,78 %",0.0278,0.0118,160.0,LOW
LU0115143595,OK_HEURISTIC,oc,Ongoing_Charge_Recurrent,"0,48 %",0.0048,0.0012,36.0,LOW
LU0115143918,OK_HEURISTIC,oc,Ongoing_Charge_Recurrent,"1,22 %",0.0122,0.0004,118.0,HIGH
LU0115144304,OK_HEURISTIC,oc,Ongoing_Charge_Recurrent,"1,18 %",0.0118,0.0012,106.0,HIGH
LU0115144486,OK_HEURISTIC,oc,Ongoing_Charge_Recurrent,"1,46 %",0.0146,0.014,6.0,HIGH
LU0115760109,OK_HEURISTIC,oc,Ongoing_Charge_Recurrent,2.7%,0.027,0.0265,5.0,LOW
LU0117838564,OK_HEURISTIC,entry,Entry_Fee_Pct,"3,00%",0.03,0.0,300.0,LOW
LU0117841949,OK_HEURISTIC,oc,Ongoing_Charge_Recurrent,"2,78%",0.0278,0.0337,59.0,LOW
LU0117841949,OK_HEURISTIC,entry,Entry_Fee_Pct,"5,00%",0.05,0.0,500.0,LOW
LU0117858166,OK_HEURISTIC,oc,Ongoing_Charge_Recurrent,"2,49%",0.0249,0.0268,19.0,LOW
LU0117858596,OK_HEURISTIC,oc,Ongoing_Charge_Recurrent,"2,00%",0.02,0.0223,23.0,LOW
LU0117858679,OK_HEURISTIC,oc,Ongoing_Charge_Recurrent,"2,49%",0.0249,0.0291,42.0,LOW
LU0117858752,OK_HEURISTIC,oc,Ongoing_Charge_Recurrent,"2,52%",0.0252,0.0272,20.0,LOW
LU0117859560,OK_HEURISTIC,oc,Ongoing_Charge_Recurrent,"2,80%",0.028,0.0365,85.0,LOW
LU0117881226,OK_HEURISTIC,oc,Ongoing_Charge_Recurrent,"2,53%",0.0253,0.03,47.0,LOW
LU0117881226,OK_HEURISTIC,entry,Entry_Fee_Pct,"5,00%",0.05,0.0,500.0,LOW
LU0117884675,OK_HEURISTIC,oc,Ongoing_Charge_Recurrent,"2,75%",0.0275,0.0343,68.0,LOW
LU0117885052,OK_HEURISTIC,oc,Ongoing_Charge_Recurrent,"2,68%",0.0268,0.0332,64.0,LOW
LU0117895366,OK_HEURISTIC,oc,Ongoing_Charge_Recurrent,"2,54%",0.0254,0.0306,52.0,LOW
LU0117895366,OK_HEURISTIC,entry,Entry_Fee_Pct,"5,00%",0.05,0.0,500.0,LOW
LU0117897578,OK_HEURISTIC,oc,Ongoing_Charge_Recurrent,"1,50%",0.015,0.0174,24.0,LOW
LU0117898204,OK_HEURISTIC,oc,Ongoing_Charge_Recurrent,"2,15%",0.0215,0.0282,67.0,LOW
LU0117898204,OK_HEURISTIC,entry,Entry_Fee_Pct,"3,00%",0.03,0.0,300.0,LOW
LU0118140002,WARN_EUR_ONLY,entry,Entry_Fee_Pct,Hasta 525 EUR,0.0525,0.0,525.0,LOW
LU0119063039,OK_HEURISTIC,oc,Ongoing_Charge_Recurrent,"2,52%",0.0252,0.0293,41.0,LOW
LU0119066727,OK_HEURISTIC,oc,Ongoing_Charge_Recurrent,"2,45%",0.0245,0.0259,14.0,LOW
LU0119124864,OK_HEURISTIC,oc,Ongoing_Charge_Recurrent,2.7%,0.027,0.0265,5.0,LOW
LU0119620176,WARN_EUR_ONLY,entry,Entry_Fee_Pct,Hasta 200 USD,0.02,0.0,200.0,LOW
LU0119620416,WARN_EUR_ONLY,entry,Entry_Fee_Pct,Hasta 525 USD,0.0525,0.0,525.0,LOW
LU0119750205,OK_HEURISTIC,oc,Ongoing_Charge_Recurrent,"1,58 %",0.0158,0.0066,92.0,HIGH
LU0119753308,OK_HEURISTIC,oc,Ongoing_Charge_Recurrent,"2,51 %",0.0251,0.0066,185.0,HIGH
LU0123358656,OK_HEURISTIC,oc,Ongoing_Charge_Recurrent,"1,85 %",0.0185,0.0036,149.0,HIGH
LU0125944966,OK_HEURISTIC,oc,Ongoing_Charge_Recurrent,"2,05%",0.0205,0.035,145.0,LOW
LU0125948108,OK_HEURISTIC,oc,Ongoing_Charge_Recurrent,"1,52%",0.0152,0.028,128.0,LOW
LU0125948280,OK_HEURISTIC,oc,Ongoing_Charge_Recurrent,"1,52%",0.0152,0.027,118.0,LOW
LU0125951151,OK_HEURISTIC,oc,Ongoing_Charge_Recurrent,"1,93%",0.0193,0.034,147.0,LOW
LU0125979160,OK_HEURISTIC,oc,Ongoing_Charge_Recurrent,"1,92%",0.0192,0.033,138.0,LOW
LU0128469839,OK_HEURISTIC,oc,Ongoing_Charge_Recurrent,1.73%,0.0173,0.0202,29.0,LOW
LU0128492732,OK_HEURISTIC,oc,Ongoing_Charge_Recurrent,1.20%,0.012,0.0126,6.0,LOW
LU0129412937,OK_HEURISTIC,oc,Ongoing_Charge_Recurrent,"2,03%",0.0203,0.0214,11.0,LOW
LU0129441100,OK_HEURISTIC,oc,Ongoing_Charge_Recurrent,"0,70%",0.007,0.0093,23.0,LOW
LU0129445192,OK_HEURISTIC,oc,Ongoing_Charge_Recurrent,"0,96%",0.0096,0.0116,20.0,LOW
LU0129488242,OK_HEURISTIC,oc,Ongoing_Charge_Recurrent,"0,95%",0.0095,0.0147,52.0,LOW
LU0132601682,WARN_EUR_ONLY,entry,Entry_Fee_Pct,Hasta 400 EUR,0.04,0.0,400.0,LOW
LU0145634076,WARN_EUR_ONLY,entry,Entry_Fee_Pct,Hasta 500 EUR,0.05,0.0,500.0,LOW
LU0145635123,WARN_EUR_ONLY,entry,Entry_Fee_Pct,Hasta 300 EUR,0.03,0.0,300.0,LOW
LU0145648290,WARN_EUR_ONLY,entry,Entry_Fee_Pct,Hasta 500 EUR,0.05,0.0,500.0,NONE
LU0145648886,WARN_EUR_ONLY,entry,Entry_Fee_Pct,Hasta 300 EUR,0.03,0.0,300.0,NONE
LU0145652052,WARN_EUR_ONLY,entry,Entry_Fee_Pct,Hasta 300 EUR,0.03,0.0,300.0,LOW
LU0145652649,WARN_EUR_ONLY,entry,Entry_Fee_Pct,Hasta 150 EUR,0.015,0.0,150.0,LOW
LU0145655824,WARN_EUR_ONLY,entry,Entry_Fee_Pct,Hasta 300 EUR,0.03,0.0,300.0,LOW
LU0145656475,WARN_EUR_ONLY,entry,Entry_Fee_Pct,Hasta 300 EUR,0.03,0.0,300.0,LOW
LU0145656715,WARN_EUR_ONLY,entry,Entry_Fee_Pct,Hasta 150 EUR,0.015,0.0,150.0,LOW
LU0146864797,WARN_EUR_ONLY,entry,Entry_Fee_Pct,Hasta 500 EUR,0.05,0.0,500.0,
LU0157178582,OK_HEURISTIC,oc,Ongoing_Charge_Recurrent,"1,66%",0.0166,0.0225,59.0,LOW
LU0157179127,OK_HEURISTIC,oc,Ongoing_Charge_Recurrent,"2,47%",0.0247,0.0306,59.0,LOW
LU0157182857,OK_HEURISTIC,oc,Ongoing_Charge_Recurrent,"1,68%",0.0168,0.0201,33.0,LOW
LU0157183665,OK_HEURISTIC,oc,Ongoing_Charge_Recurrent,"2,20%",0.022,0.0253,33.0,LOW
LU0157217158,OK_HEURISTIC,oc,Ongoing_Charge_Recurrent,2.7%,0.027,0.0265,5.0,LOW
LU0159042083,OK_HEURISTIC,oc,Ongoing_Charge_Recurrent,"1,69%",0.0169,0.0198,29.0,LOW
LU0159050771,OK_HEURISTIC,oc,Ongoing_Charge_Recurrent,"1,80%",0.018,0.0232,52.0,LOW
LU0159050938,OK_HEURISTIC,oc,Ongoing_Charge_Recurrent,"2,54%",0.0254,0.0306,52.0,LOW
LU0159052710,OK_HEURISTIC,oc,Ongoing_Charge_Recurrent,"1,68%",0.0168,0.0232,64.0,LOW
LU0159053015,OK_HEURISTIC,oc,Ongoing_Charge_Recurrent,"2,68%",0.0268,0.0332,64.0,LOW
LU0159059210,OK_HEURISTIC,oc,Ongoing_Charge_Recurrent,"2,45%",0.0245,0.0274,29.0,LOW
LU0159405223,OK_HEURISTIC,oc,Ongoing_Charge_Recurrent,"2,55%",0.0255,0.0289,34.0,LOW
LU0161687693,OK_HEURISTIC,oc,Ongoing_Charge_Recurrent,"0,50%",0.005,0.0081,31.0,LOW
LU0168343274,OK_HEURISTIC,oc,Ongoing_Charge_Recurrent,"2,68%",0.0268,0.033,62.0,LOW
LU0169527297,OK_HEURISTIC,oc,Ongoing_Charge_Recurrent,"1,75%",0.0175,0.0203,28.0,LOW
LU0169528261,OK_HEURISTIC,oc,Ongoing_Charge_Recurrent,"2,56%",0.0256,0.0284,28.0,LOW
LU0173770602,OK_HEURISTIC,oc,Ongoing_Charge_Recurrent,2.56%,0.0256,0.0012,244.0,MEDIUM_EUR
LU0173776047,OK_HEURISTIC,oc,Ongoing_Charge_Recurrent,1.61%,0.0161,0.0025,136.0,MEDIUM_EUR
LU0173778332,OK_HEURISTIC,oc,Ongoing_Charge_Recurrent,1.13%,0.0113,0.0001,112.0,MEDIUM_EUR
LU0179219752,WARN_EUR_ONLY,entry,Entry_Fee_Pct,Hasta 300 EUR,0.03,0.0,300.0,LOW
LU0179220255,WARN_EUR_ONLY,entry,Entry_Fee_Pct,Hasta 150 EUR,0.015,0.0,150.0,LOW
LU0202403266,OK_HEURISTIC,oc,Ongoing_Charge_Recurrent,1.9%,0.019,0.0027,163.0,LOW
LU0202403266,OK_HEURISTIC,entry,Entry_Fee_Pct,5.3%,0.053,0.0,530.0,LOW
LU0208853274,OK_HEURISTIC,oc,Ongoing_Charge_Recurrent,"1,76%",0.0176,0.0235,59.0,LOW
LU0208853860,OK_HEURISTIC,oc,Ongoing_Charge_Recurrent,"1,01%",0.0101,0.016,59.0,LOW
LU0208853944,OK_HEURISTIC,oc,Ongoing_Charge_Recurrent,"2,76%",0.0276,0.0335,59.0,LOW
LU0210526801,OK_HEURISTIC,oc,Ongoing_Charge_Recurrent,"1,76%",0.0176,0.0235,59.0,LOW
LU0210528922,OK_HEURISTIC,oc,Ongoing_Charge_Recurrent,"1,72%",0.0172,0.019,18.0,LOW
LU0210529490,OK_HEURISTIC,oc,Ongoing_Charge_Recurrent,"1,73%",0.0173,0.0192,19.0,LOW
LU0210529656,OK_HEURISTIC,oc,Ongoing_Charge_Recurrent,"1,73%",0.0173,0.0225,52.0,LOW
LU0210530662,OK_HEURISTIC,oc,Ongoing_Charge_Recurrent,"1,75%",0.0175,0.0216,41.0,LOW
LU0210530746,OK_HEURISTIC,oc,Ongoing_Charge_Recurrent,"1,22%",0.0122,0.0145,23.0,LOW
LU0210531470,OK_HEURISTIC,oc,Ongoing_Charge_Recurrent,"0,95%",0.0095,0.0119,24.0,LOW
LU0210531637,OK_HEURISTIC,oc,Ongoing_Charge_Recurrent,"1,79%",0.0179,0.0264,85.0,LOW
LU0210531801,OK_HEURISTIC,oc,Ongoing_Charge_Recurrent,"1,74%",0.0174,0.0216,42.0,LOW
LU0210531983,OK_HEURISTIC,oc,Ongoing_Charge_Recurrent,"1,73%",0.0173,0.0193,20.0,LOW
LU0210532015,OK_HEURISTIC,oc,Ongoing_Charge_Recurrent,"1,74%",0.0174,0.0242,68.0,LOW
LU0210532528,OK_HEURISTIC,oc,Ongoing_Charge_Recurrent,"1,40%",0.014,0.0207,67.0,LOW
LU0210534227,OK_HEURISTIC,oc,Ongoing_Charge_Recurrent,"1,67%",0.0167,0.0229,62.0,LOW
LU0210535976,OK_HEURISTIC,oc,Ongoing_Charge_Recurrent,"1,75%",0.0175,0.0222,47.0,LOW
LU0210536511,OK_HEURISTIC,oc,Ongoing_Charge_Recurrent,"1,69%",0.0169,0.0183,14.0,LOW
LU0210536867,OK_HEURISTIC,oc,Ongoing_Charge_Recurrent,"1,71%",0.0171,0.0235,64.0,LOW
LU0215158840,OK_HEURISTIC,oc,Ongoing_Charge_Recurrent,0.6%,0.006,0.0144,84.0,LOW
LU0215158840,OK_HEURISTIC,entry,Entry_Fee_Pct,5.3%,0.053,0.0,530.0,LOW
LU0215159145,OK_HEURISTIC,entry,Entry_Fee_Pct,5.3%,0.053,0.0,530.0,LOW
LU0217390573,OK_HEURISTIC,oc,Ongoing_Charge_Recurrent,"1,73%",0.0173,0.0223,50.0,LOW
LU0217390656,OK_HEURISTIC,oc,Ongoing_Charge_Recurrent,"2,56%",0.0256,0.0306,50.0,LOW
LU0217390730,OK_HEURISTIC,oc,Ongoing_Charge_Recurrent,"1,73%",0.0173,0.0213,40.0,LOW
LU0217390813,OK_HEURISTIC,oc,Ongoing_Charge_Recurrent,"2,56%",0.0256,0.0296,40.0,LOW
LU0217576759,OK_HEURISTIC,oc,Ongoing_Charge_Recurrent,"1,72%",0.0172,0.0224,52.0,LOW
LU0217576833,OK_HEURISTIC,oc,Ongoing_Charge_Recurrent,"2,51%",0.0251,0.0303,52.0,LOW
LU0218171717,OK_HEURISTIC,oc,Ongoing_Charge_Recurrent,"1,67%",0.0167,0.02,33.0,LOW
LU0218172103,OK_HEURISTIC,oc,Ongoing_Charge_Recurrent,"2,22%",0.0222,0.0255,33.0,LOW
LU0219418836,OK_HEURISTIC,oc,Ongoing_Charge_Recurrent,"1,85 %",0.0185,0.033,145.0,LOW
LU0219422606,OK_HEURISTIC,oc,Ongoing_Charge_Recurrent,"1,52%",0.0152,0.028,128.0,LOW
LU0219424487,OK_HEURISTIC,oc,Ongoing_Charge_Recurrent,"0,94%",0.0094,0.011,16.0,LOW
LU0219440335,OK_HEURISTIC,oc,Ongoing_Charge_Recurrent,"1,97%",0.0197,0.034,143.0,LOW
LU0219441069,OK_HEURISTIC,oc,Ongoing_Charge_Recurrent,"1,92%",0.0192,0.033,138.0,LOW
LU0219441499,OK_HEURISTIC,oc,Ongoing_Charge_Recurrent,"1,85 %",0.0185,0.0203,18.0,LOW
LU0219442547,OK_HEURISTIC,oc,Ongoing_Charge_Recurrent,"0,98%",0.0098,0.022,122.0,LOW
LU0225737302,WARN_EUR_ONLY,entry,Entry_Fee_Pct,Hasta 525 USD,0.0525,0.0,525.0,LOW
LU0225741247,WARN_EUR_ONLY,entry,Entry_Fee_Pct,Hasta 200 USD,0.02,0.0,200.0,LOW
LU0236145453,WARN_EUR_ONLY,entry,Entry_Fee_Pct,Hasta 300 EUR,0.03,0.0,300.0,LOW
LU0236146006,WARN_EUR_ONLY,entry,Entry_Fee_Pct,Hasta 150 EUR,0.015,0.0,150.0,LOW
LU0238202427,OK_HEURISTIC,entry,Entry_Fee_Pct,5.3%,0.053,0.0,530.0,LOW
LU0240540988,WARN_EUR_ONLY,entry,Entry_Fee_Pct,Hasta 150 EUR,0.015,0.0,150.0,LOW
LU0240541283,WARN_EUR_ONLY,entry,Entry_Fee_Pct,Hasta 200 EUR,0.02,0.0,200.0,LOW
LU0240541366,WARN_EUR_ONLY,entry,Entry_Fee_Pct,Hasta 250 EUR,0.025,0.0,250.0,LOW
LU0240541440,WARN_EUR_ONLY,entry,Entry_Fee_Pct,Hasta 300 EUR,0.03,0.0,300.0,LOW
LU0243957239,OK_HEURISTIC,oc,Ongoing_Charge_Recurrent,"1,61 %",0.0161,0.003,131.0,HIGH
LU0243957312,OK_HEURISTIC,oc,Ongoing_Charge_Recurrent,"1,61 %",0.0161,0.003,131.0,HIGH
LU0243957742,OK_HEURISTIC,oc,Ongoing_Charge_Recurrent,"2,11 %",0.0211,0.003,181.0,HIGH
LU0243957825,OK_HEURISTIC,oc,Ongoing_Charge_Recurrent,"1,27 %",0.0127,0.0026,101.0,HIGH
LU0243958047,OK_HEURISTIC,oc,Ongoing_Charge_Recurrent,"0,92 %",0.0092,0.0026,66.0,HIGH
LU0243958393,OK_HEURISTIC,oc,Ongoing_Charge_Recurrent,"1,52 %",0.0152,0.0026,126.0,HIGH
LU0244270301,OK_HEURISTIC,oc,Ongoing_Charge_Recurrent,"1,70%",0.017,0.0184,14.0,LOW
LU0244270723,OK_HEURISTIC,oc,Ongoing_Charge_Recurrent,"2,47%",0.0247,0.0261,14.0,LOW
LU0247985343,OK_HEURISTIC,oc,Ongoing_Charge_Recurrent,"1,70%",0.017,0.0203,33.0,LOW
LU0248027525,OK_HEURISTIC,oc,Ongoing_Charge_Recurrent,"1,80%",0.018,0.0191,11.0,LOW
LU0248037169,OK_HEURISTIC,oc,Ongoing_Charge_Recurrent,"1,27 %",0.0127,0.0026,101.0,HIGH
LU0251127410,OK_HEURISTIC,entry,Entry_Fee_Pct,5.3%,0.053,0.0,530.0,LOW
LU0251130638,OK_HEURISTIC,oc,Ongoing_Charge_Recurrent,1.0%,0.01,0.0119,19.0,LOW
LU0251131958,OK_HEURISTIC,entry,Entry_Fee_Pct,5.3%,0.053,0.0,530.0,MEDIUM_EUR
LU0255979154,OK_HEURISTIC,oc,Ongoing_Charge_Recurrent,2.33%,0.0233,0.0254,21.0,LOW
LU0256846568,OK_HEURISTIC,oc,Ongoing_Charge_Recurrent,2.70%,0.027,0.036,90.0,
LU0260085492,WARN_EUR_ONLY,entry,Entry_Fee_Pct,Hasta 500 EUR,0.05,0.0,500.0,HIGH
LU0261946445,OK_HEURISTIC,entry,Entry_Fee_Pct,5.3%,0.053,0.0,530.0,LOW
LU0261947096,OK_HEURISTIC,entry,Entry_Fee_Pct,5.3%,0.053,0.0,530.0,MEDIUM_EUR
LU0261948227,OK_HEURISTIC,entry,Entry_Fee_Pct,5.3%,0.053,0.0,530.0,LOW
LU0261950553,OK_HEURISTIC,entry,Entry_Fee_Pct,5.3%,0.053,0.0,530.0,LOW
LU0266114312,WARN_EUR_ONLY,entry,Entry_Fee_Pct,Hasta 525 USD,0.0525,0.0,525.0,LOW
LU0266117414,WARN_EUR_ONLY,entry,Entry_Fee_Pct,Hasta 525 EUR,0.0525,0.0,525.0,LOW
LU0266117927,WARN_EUR_ONLY,entry,Entry_Fee_Pct,Hasta 525 EUR,0.0525,0.0,525.0,LOW
LU0266118651,WARN_EUR_ONLY,entry,Entry_Fee_Pct,Hasta 200 EUR,0.02,0.0,200.0,LOW
LU0266119204,WARN_EUR_ONLY,entry,Entry_Fee_Pct,Hasta 525 EUR,0.0525,0.0,525.0,LOW
LU0266512127,OK_HEURISTIC,oc,Ongoing_Charge_Recurrent,"1,75%",0.0175,0.0234,59.0,LOW
LU0266512630,OK_HEURISTIC,oc,Ongoing_Charge_Recurrent,"2,81%",0.0281,0.034,59.0,LOW
LU0267388220,OK_HEURISTIC,oc,Ongoing_Charge_Recurrent,0.7%,0.007,0.0085,15.0,LOW
LU0267388220,OK_HEURISTIC,entry,Entry_Fee_Pct,3.5%,0.035,0.0,350.0,LOW
LU0267984697,OK_HEURISTIC,oc,Ongoing_Charge_Recurrent,"2,77 %",0.0277,0.0086,191.0,HIGH
LU0267985231,OK_HEURISTIC,oc,Ongoing_Charge_Recurrent,"1,98 %",0.0198,0.002,178.0,LOW
LU0267985314,OK_HEURISTIC,oc,Ongoing_Charge_Recurrent,"1,78 %",0.0178,0.0028,150.0,HIGH
LU0267986122,OK_HEURISTIC,oc,Ongoing_Charge_Recurrent,"1,81 %",0.0181,0.0016,165.0,HIGH
LU0267986551,OK_HEURISTIC,oc,Ongoing_Charge_Recurrent,"2,41 %",0.0241,0.0016,225.0,HIGH
LU0273145622,WARN_EUR_ONLY,entry,Entry_Fee_Pct,Hasta 300 EUR,0.03,0.0,300.0,LOW
LU0273147594,WARN_EUR_ONLY,entry,Entry_Fee_Pct,Hasta 300 EUR,0.03,0.0,300.0,LOW
LU0273148055,WARN_EUR_ONLY,entry,Entry_Fee_Pct,Hasta 300 EUR,0.03,0.0,300.0,LOW
LU0273157635,WARN_EUR_ONLY,entry,Entry_Fee_Pct,Hasta 500 EUR,0.05,0.0,500.0,LOW
LU0273158872,WARN_EUR_ONLY,entry,Entry_Fee_Pct,Hasta 500 EUR,0.05,0.0,500.0,LOW
LU0273159177,WARN_EUR_ONLY,entry,Entry_Fee_Pct,Hasta 500 EUR,0.05,0.0,500.0,LOW
LU0273165570,WARN_EUR_ONLY,entry,Entry_Fee_Pct,Hasta 500 USD,0.05,0.0,500.0,LOW
LU0275692696,OK_HEURISTIC,entry,Entry_Fee_Pct,5.3%,0.053,0.0,530.0,LOW
LU0281482678,OK_HEURISTIC,oc,Ongoing_Charge_Recurrent,"1,68%",0.0168,0.0223,55.0,LOW
LU0281482918,OK_HEURISTIC,oc,Ongoing_Charge_Recurrent,"1,68%",0.0168,0.0223,55.0,LOW
LU0281483486,OK_HEURISTIC,oc,Ongoing_Charge_Recurrent,"1,80%",0.018,0.0235,55.0,LOW
LU0281483569,OK_HEURISTIC,oc,Ongoing_Charge_Recurrent,"1,68%",0.0168,0.0223,55.0,LOW
LU0281483569,OK_HEURISTIC,entry,Entry_Fee_Pct,"5,00%",0.05,0.0,500.0,LOW
LU0281484617,OK_HEURISTIC,oc,Ongoing_Charge_Recurrent,"0,77%",0.0077,0.0132,55.0,LOW
LU0281484880,OK_HEURISTIC,oc,Ongoing_Charge_Recurrent,"2,43%",0.0243,0.0298,55.0,LOW
LU0281484880,OK_HEURISTIC,entry,Entry_Fee_Pct,"5,00%",0.05,0.0,500.0,LOW
LU0281484963,OK_HEURISTIC,oc,Ongoing_Charge_Recurrent,"2,46%",0.0246,0.0301,55.0,LOW
LU0281485184,OK_HEURISTIC,oc,Ongoing_Charge_Recurrent,"2,48%",0.0248,0.0303,55.0,LOW
LU0284208625,OK_HEURISTIC,oc,Ongoing_Charge_Recurrent,"1,70%",0.017,0.0231,61.0,LOW
LU0284208625,OK_HEURISTIC,entry,Entry_Fee_Pct,"5,00%",0.05,0.0,500.0,LOW
LU0284208971,OK_HEURISTIC,oc,Ongoing_Charge_Recurrent,"2,45%",0.0245,0.0306,61.0,LOW
LU0284208971,OK_HEURISTIC,entry,Entry_Fee_Pct,"5,00%",0.05,0.0,500.0,LOW
LU0289089384,OK_HEURISTIC,oc,Ongoing_Charge_Recurrent,"1,74%",0.0174,0.0267,93.0,LOW
LU0289089384,OK_HEURISTIC,perf,Performance_Fee_Pct,0 %,0.0,0.003,30.0,LOW
LU0289214628,OK_HEURISTIC,oc,Ongoing_Charge_Recurrent,"2,73%",0.0273,0.0366,93.0,LOW
LU0289214628,OK_HEURISTIC,perf,Performance_Fee_Pct,0 %,0.0,0.0006,6.0,LOW
LU0289215948,OK_HEURISTIC,oc,Ongoing_Charge_Recurrent,"1,68%",0.0168,0.023,62.0,LOW
LU0289216169,OK_HEURISTIC,oc,Ongoing_Charge_Recurrent,"2,70%",0.027,0.0332,62.0,LOW
LU0289216839,OK_HEURISTIC,oc,Ongoing_Charge_Recurrent,"0,77%",0.0077,0.0132,55.0,LOW
LU0289230079,OK_HEURISTIC,oc,Ongoing_Charge_Recurrent,"1,82%",0.0182,0.0275,93.0,LOW
LU0289230079,OK_HEURISTIC,perf,Performance_Fee_Pct,0 %,0.0,0.0037,37.0,LOW
LU0289470113,OK_HEURISTIC,oc,Ongoing_Charge_Recurrent,"1,20%",0.012,0.0156,36.0,LOW
LU0289472085,OK_HEURISTIC,oc,Ongoing_Charge_Recurrent,"0,70%",0.007,0.0106,36.0,LOW
LU0289473059,OK_HEURISTIC,oc,Ongoing_Charge_Recurrent,"1,45%",0.0145,0.0181,36.0,LOW
LU0292454872,OK_HEURISTIC,oc,Ongoing_Charge_Recurrent,"1,67%",0.0167,0.0222,55.0,LOW
LU0294032106,OK_HEURISTIC,oc,Ongoing_Charge_Recurrent,"0,69%",0.0069,0.0102,33.0,LOW
LU0300357554,WARN_EUR_ONLY,entry,Entry_Fee_Pct,Hasta 300 EUR,0.03,0.0,300.0,LOW
LU0300357638,WARN_EUR_ONLY,entry,Entry_Fee_Pct,Hasta 150 EUR,0.015,0.0,150.0,LOW
LU0301637293,OK_HEURISTIC,oc,Ongoing_Charge_Recurrent,"1,80%",0.018,0.0269,89.0,LOW
LU0301638002,OK_HEURISTIC,oc,Ongoing_Charge_Recurrent,"0,96%",0.0096,0.0185,89.0,LOW
LU0318933057,OK_HEURISTIC,oc,Ongoing_Charge_Recurrent,"1,80%",0.018,0.0212,32.0,LOW
LU0318933057,OK_HEURISTIC,entry,Entry_Fee_Pct,"5,00%",0.05,0.0,500.0,LOW
LU0318933487,OK_HEURISTIC,oc,Ongoing_Charge_Recurrent,"2,80%",0.028,0.0312,32.0,LOW
LU0318933487,OK_HEURISTIC,entry,Entry_Fee_Pct,"5,00%",0.05,0.0,500.0,LOW
LU0323456466,OK_HEURISTIC,oc,Ongoing_Charge_Recurrent,"1,20%",0.012,0.0156,36.0,LOW
LU0323456896,OK_HEURISTIC,oc,Ongoing_Charge_Recurrent,"0,70%",0.007,0.0106,36.0,LOW
LU0329070915,WARN_EUR_ONLY,entry,Entry_Fee_Pct,Hasta 500 EUR,0.05,0.0,500.0,HIGH
LU0329202252,OK_HEURISTIC,oc,Ongoing_Charge_Recurrent,"1,69%",0.0169,0.0211,42.0,LOW
LU0329202419,OK_HEURISTIC,oc,Ongoing_Charge_Recurrent,"1,70%",0.017,0.0213,43.0,LOW
LU0329203656,OK_HEURISTIC,oc,Ongoing_Charge_Recurrent,"2,45%",0.0245,0.0288,43.0,LOW
LU0329760002,WARN_EUR_ONLY,entry,Entry_Fee_Pct,Hasta 500 EUR,0.05,0.0,500.0,LOW
LU0329760184,WARN_EUR_ONLY,entry,Entry_Fee_Pct,Hasta 300 EUR,0.03,0.0,300.0,LOW
LU0329760770,WARN_EUR_ONLY,entry,Entry_Fee_Pct,Hasta 500 EUR,0.05,0.0,500.0,LOW
LU0329760853,WARN_EUR_ONLY,entry,Entry_Fee_Pct,Hasta 300 EUR,0.03,0.0,300.0,LOW
LU0329761661,WARN_EUR_ONLY,entry,Entry_Fee_Pct,Hasta 500 USD,0.05,0.0,500.0,LOW
LU0334857355,OK_HEURISTIC,oc,Ongoing_Charge_Recurrent,"2,05 %",0.0205,0.0126,79.0,HIGH
LU0334857785,OK_HEURISTIC,oc,Ongoing_Charge_Recurrent,"2,79 %",0.0279,0.0126,153.0,HIGH
LU0335216932,WARN_EUR_ONLY,entry,Entry_Fee_Pct,Hasta 525 EUR,0.0525,0.0,525.0,LOW
LU0336375786,OK_HEURISTIC,oc,Ongoing_Charge_Recurrent,"1,79%",0.0179,0.0272,93.0,LOW
LU0336375786,OK_HEURISTIC,perf,Performance_Fee_Pct,0 %,0.0,0.0027,27.0,LOW
LU0336375869,OK_HEURISTIC,oc,Ongoing_Charge_Recurrent,"2,82%",0.0282,0.0375,93.0,LOW
LU0337577430,OK_HEURISTIC,oc,Ongoing_Charge_Recurrent,1.1%,0.011,0.0105,5.0,LOW
LU0337577430,OK_HEURISTIC,entry,Entry_Fee_Pct,3.5%,0.035,0.0,350.0,LOW
LU0337786437,OK_HEURISTIC,oc,Ongoing_Charge_Recurrent,"2,03%",0.0203,0.035,147.0,LOW
LU0344579056,OK_HEURISTIC,oc,Ongoing_Charge_Recurrent,"1,12%",0.0112,0.012,8.0,LOW
LU0344579213,OK_HEURISTIC,oc,Ongoing_Charge_Recurrent,"0,60%",0.006,0.0068,8.0,LOW
LU0346388704,OK_HEURISTIC,oc,Ongoing_Charge_Recurrent,1.1%,0.011,0.0105,5.0,LOW
LU0346388969,OK_HEURISTIC,oc,Ongoing_Charge_Recurrent,1.1%,0.011,0.0105,5.0,LOW
LU0346393613,OK_HEURISTIC,oc,Ongoing_Charge_Recurrent,0.9%,0.009,0.01,10.0,LOW
LU0346393704,OK_HEURISTIC,oc,Ongoing_Charge_Recurrent,0.5%,0.005,0.0063,13.0,LOW
LU0346800435,WARN_EUR_ONLY,entry,Entry_Fee_Pct,Hasta 200 EUR,0.02,0.0,200.0,LOW
LU0348529792,OK_HEURISTIC,oc,Ongoing_Charge_Recurrent,2.7%,0.027,0.0029,241.0,LOW
LU0348927251,OK_HEURISTIC,oc,Ongoing_Charge_Recurrent,2.55%,0.0255,0.0025,230.0,MEDIUM_EUR
LU0353649279,OK_HEURISTIC,oc,Ongoing_Charge_Recurrent,0.7%,0.007,0.0075,5.0,LOW
LU0353649279,OK_HEURISTIC,entry,Entry_Fee_Pct,3.5%,0.035,0.0,350.0,LOW
LU0363470237,WARN_EUR_ONLY,entry,Entry_Fee_Pct,Hasta 500 EUR,0.05,0.0,500.0,LOW
LU0384381660,WARN_EUR_ONLY,entry,Entry_Fee_Pct,Hasta 525 USD,0.0525,0.0,525.0,LOW
LU0395794307,OK_HEURISTIC,oc,Ongoing_Charge_Recurrent,"1,40%",0.014,0.0162,22.0,LOW
LU0395796690,OK_HEURISTIC,oc,Ongoing_Charge_Recurrent,"0,75%",0.0075,0.0097,22.0,LOW
LU0399356780,WARN_EUR_ONLY,entry,Entry_Fee_Pct,Hasta 500 EUR,0.05,0.0,500.0,LOW
LU0401357313,OK_HEURISTIC,oc,Ongoing_Charge_Recurrent,"1,81%",0.0181,0.0248,67.0,LOW
LU0401357743,OK_HEURISTIC,oc,Ongoing_Charge_Recurrent,"1,77%",0.0177,0.0224,47.0,LOW
LU0404220724,OK_HEURISTIC,oc,Ongoing_Charge_Recurrent,"1,75%",0.0175,0.0197,22.0,LOW
LU0408846458,OK_HEURISTIC,oc,Ongoing_Charge_Recurrent,"0,98%",0.0098,0.0139,41.0,LOW
LU0408846961,OK_HEURISTIC,oc,Ongoing_Charge_Recurrent,"1,39%",0.0139,0.018,41.0,LOW
LU0428746043,OK_HEURISTIC,oc,Ongoing_Charge_Recurrent,2.71%,0.0271,0.0278,7.0,LOW
LU0430492594,OK_HEURISTIC,oc,Ongoing_Charge_Recurrent,"0,90%",0.009,0.011,20.0,LOW
LU0430492834,OK_HEURISTIC,oc,Ongoing_Charge_Recurrent,"1,25%",0.0125,0.0145,20.0,LOW
LU0430494962,OK_HEURISTIC,oc,Ongoing_Charge_Recurrent,"0,80%",0.008,0.0085,5.0,LOW
LU0431992006,OK_HEURISTIC,oc,Ongoing_Charge_Recurrent,"1,79%",0.0179,0.0224,45.0,LOW
LU0431993236,OK_HEURISTIC,oc,Ongoing_Charge_Recurrent,"2,56%",0.0256,0.0301,45.0,LOW
LU0432616737,OK_HEURISTIC,oc,Ongoing_Charge_Recurrent,"1,64 %",0.0164,0.0018,146.0,HIGH
LU0432616901,OK_HEURISTIC,oc,Ongoing_Charge_Recurrent,"2,14 %",0.0214,0.0018,196.0,HIGH
LU0432979614,OK_HEURISTIC,oc,Ongoing_Charge_Recurrent,"1,70%",0.017,0.02,30.0,LOW
LU0432979960,OK_HEURISTIC,oc,Ongoing_Charge_Recurrent,"2,72%",0.0272,0.0302,30.0,LOW
LU0439179432,OK_HEURISTIC,oc,Ongoing_Charge_Recurrent,"0,55%",0.0055,0.0096,41.0,LOW
LU0441433728,WARN_EUR_ONLY,entry,Entry_Fee_Pct,Hasta 300 EUR,0.03,0.0,300.0,LOW
LU0441852612,OK_HEURISTIC,oc,Ongoing_Charge_Recurrent,"1,80%",0.018,0.0267,87.0,LOW
LU0441853263,OK_HEURISTIC,oc,Ongoing_Charge_Recurrent,"2,55%",0.0255,0.0342,87.0,LOW
LU0441854154,OK_HEURISTIC,oc,Ongoing_Charge_Recurrent,"1,80%",0.018,0.0235,55.0,LOW
LU0441854741,OK_HEURISTIC,oc,Ongoing_Charge_Recurrent,"2,54%",0.0254,0.0309,55.0,LOW
LU0441855714,OK_HEURISTIC,oc,Ongoing_Charge_Recurrent,"1,75%",0.0175,0.023,55.0,LOW
LU0441856365,OK_HEURISTIC,oc,Ongoing_Charge_Recurrent,"2,54%",0.0254,0.0309,55.0,LOW
LU0458498309,OK_HEURISTIC,oc,Ongoing_Charge_Recurrent,"0,92%",0.0092,0.01,8.0,LOW
LU0459992896,WARN_EUR_ONLY,entry,Entry_Fee_Pct,Hasta 300 EUR,0.03,0.0,300.0,HIGH
LU0464250819,OK_HEURISTIC,oc,Ongoing_Charge_Recurrent,1.7%,0.017,0.019,20.0,NONE
LU0474967485,OK_HEURISTIC,oc,Ongoing_Charge_Recurrent,2.75%,0.0275,0.0294,19.0,LOW
LU0474970273,OK_HEURISTIC,oc,Ongoing_Charge_Recurrent,2.96%,0.0296,0.0306,10.0,LOW
LU0482497442,OK_HEURISTIC,oc,Ongoing_Charge_Recurrent,"2,04 %",0.0204,0.0132,72.0,HIGH
LU0503631987,OK_HEURISTIC,oc,Ongoing_Charge_Recurrent,2.71%,0.0271,0.037,99.0,
LU0503632522,OK_HEURISTIC,oc,Ongoing_Charge_Recurrent,2.71%,0.0271,0.0277,6.0,LOW
LU0507265923,WARN_EUR_ONLY,entry,Entry_Fee_Pct,Hasta 500 EUR,0.05,0.0,500.0,LOW
LU0507266061,WARN_EUR_ONLY,entry,Entry_Fee_Pct,Hasta 500 EUR,0.05,0.0,500.0,LOW
LU0507266145,WARN_EUR_ONLY,entry,Entry_Fee_Pct,Hasta 300 EUR,0.03,0.0,300.0,LOW
LU0507266491,WARN_EUR_ONLY,entry,Entry_Fee_Pct,Hasta 500 USD,0.05,0.0,500.0,LOW
LU0507268513,WARN_EUR_ONLY,entry,Entry_Fee_Pct,Hasta 500 EUR,0.05,0.0,500.0,LOW
LU0507268869,WARN_EUR_ONLY,entry,Entry_Fee_Pct,Hasta 500 USD,0.05,0.0,500.0,LOW
LU0511520347,WARN_EUR_ONLY,entry,Entry_Fee_Pct,Hasta 500 GBP,0.05,0.0,500.0,LOW
LU0512127621,OK_HEURISTIC,oc,Ongoing_Charge_Recurrent,"1,26%",0.0126,0.0166,40.0,LOW
LU0512128355,OK_HEURISTIC,oc,Ongoing_Charge_Recurrent,"1,77%",0.0177,0.0217,40.0,LOW
LU0522352516,OK_HEURISTIC,oc,Ongoing_Charge_Recurrent,"2,61%",0.0261,0.0286,25.0,LOW
LU0522352946,OK_HEURISTIC,oc,Ongoing_Charge_Recurrent,"2,76%",0.0276,0.0335,59.0,LOW
LU0528228074,OK_HEURISTIC,entry,Entry_Fee_Pct,5.3%,0.053,0.0,530.0,LOW
LU0534239909,OK_HEURISTIC,oc,Ongoing_Charge_Recurrent,"1,27 %",0.0127,0.004,87.0,HIGH
LU0534240402,OK_HEURISTIC,oc,Ongoing_Charge_Recurrent,"1,52 %",0.0152,0.004,112.0,HIGH
LU0552385295,WARN_EUR_ONLY,entry,Entry_Fee_Pct,Hasta 525 USD,0.0525,0.0,525.0,LOW
LU0552385618,WARN_EUR_ONLY,entry,Entry_Fee_Pct,Hasta 525 EUR,0.0525,0.0,525.0,LOW
LU0583240519,OK_HEURISTIC,oc,Ongoing_Charge_Recurrent,"1,55%",0.0155,0.028,125.0,LOW
LU0583241160,OK_HEURISTIC,oc,Ongoing_Charge_Recurrent,"1,96%",0.0196,0.033,134.0,LOW
LU0583242994,OK_HEURISTIC,oc,Ongoing_Charge_Recurrent,"2,03%",0.0203,0.035,147.0,LOW
LU0593319907,OK_HEURISTIC,oc,Ongoing_Charge_Recurrent,"0,95%",0.0095,0.0147,52.0,LOW
LU0594300096,OK_HEURISTIC,entry,Entry_Fee_Pct,5.3%,0.053,0.0,530.0,LOW
LU0599946893,WARN_EUR_ONLY,entry,Entry_Fee_Pct,Hasta 500 EUR,0.05,0.0,500.0,LOW
LU0599946976,WARN_EUR_ONLY,entry,Entry_Fee_Pct,Hasta 500 EUR,0.05,0.0,500.0,LOW
LU0599947198,WARN_EUR_ONLY,entry,Entry_Fee_Pct,Hasta 300 EUR,0.03,0.0,300.0,LOW
LU0599947602,WARN_EUR_ONLY,entry,Entry_Fee_Pct,Hasta 500 USD,0.05,0.0,500.0,LOW
LU0605512192,OK_HEURISTIC,entry,Entry_Fee_Pct,3.5%,0.035,0.0,350.0,LOW
LU0607514980,OK_HEURISTIC,oc,Ongoing_Charge_Recurrent,"2,10 %",0.021,0.0016,194.0,HIGH
LU0607519195,OK_HEURISTIC,oc,Ongoing_Charge_Recurrent,"0,78 %",0.0078,0.0008,70.0,HIGH
LU0607519609,OK_HEURISTIC,oc,Ongoing_Charge_Recurrent,"0,98 %",0.0098,0.0008,90.0,HIGH
LU0611475780,OK_HEURISTIC,oc,Ongoing_Charge_Recurrent,"0,66%",0.0066,0.0125,59.0,LOW
LU0616802848,OK_HEURISTIC,oc,Ongoing_Charge_Recurrent,"1,45%",0.0145,0.0181,36.0,LOW
LU0616839501,WARN_EUR_ONLY,entry,Entry_Fee_Pct,Hasta 300 EUR,0.03,0.0,300.0,LOW
LU0616839766,WARN_EUR_ONLY,entry,Entry_Fee_Pct,Hasta 300 EUR,0.03,0.0,300.0,LOW
LU0616844923,WARN_EUR_ONLY,entry,Entry_Fee_Pct,Hasta 300 EUR,0.03,0.0,300.0,LOW
LU0616845144,WARN_EUR_ONLY,entry,Entry_Fee_Pct,Hasta 300 EUR,0.03,0.0,300.0,LOW
LU0616845490,WARN_EUR_ONLY,entry,Entry_Fee_Pct,Hasta 150 EUR,0.015,0.0,150.0,LOW
LU0616855887,WARN_EUR_ONLY,entry,Entry_Fee_Pct,Hasta 150 EUR,0.015,0.0,150.0,LOW
LU0616856422,WARN_EUR_ONLY,entry,Entry_Fee_Pct,Hasta 300 USD,0.03,0.0,300.0,LOW
LU0616856935,WARN_EUR_ONLY,entry,Entry_Fee_Pct,Hasta 500 EUR,0.05,0.0,500.0,LOW
LU0616857313,WARN_EUR_ONLY,entry,Entry_Fee_Pct,Hasta 300 EUR,0.03,0.0,300.0,LOW
LU0616863808,WARN_EUR_ONLY,entry,Entry_Fee_Pct,Hasta 500 EUR,0.05,0.0,500.0,LOW
LU0632805262,WARN_EUR_ONLY,entry,Entry_Fee_Pct,Hasta 300 EUR,0.03,0.0,300.0,LOW
LU0650147852,OK_HEURISTIC,oc,Ongoing_Charge_Recurrent,2.75%,0.0275,0.0281,6.0,LOW
LU0650957938,OK_HEURISTIC,oc,Ongoing_Charge_Recurrent,2.0%,0.02,0.0149,51.0,LOW
LU0650957938,OK_HEURISTIC,entry,Entry_Fee_Pct,5.3%,0.053,0.0,530.0,LOW
LU0654992311,WARN_EUR_ONLY,entry,Entry_Fee_Pct,Hasta 500 EUR,0.05,0.0,500.0,LOW
LU0654992402,WARN_EUR_ONLY,entry,Entry_Fee_Pct,Hasta 500 USD,0.05,0.0,500.0,LOW
LU0672672143,OK_HEURISTIC,oc,Ongoing_Charge_Recurrent,"0,67%",0.0067,0.01,33.0,LOW
LU0687943661,OK_HEURISTIC,oc,Ongoing_Charge_Recurrent,"1,76%",0.0176,0.0008,168.0,LOW
LU0687943661,OK_HEURISTIC,perf,Performance_Fee_Pct,"0,39%",0.0039,0.15,1461.0,LOW
LU0687944396,OK_HEURISTIC,oc,Ongoing_Charge_Recurrent,"1,22%",0.0122,0.0008,114.0,LOW
LU0687944396,OK_HEURISTIC,perf,Performance_Fee_Pct,"0,45%",0.0045,0.15,1455.0,LOW
LU0688698975,OK_HEURISTIC,oc,Ongoing_Charge_Recurrent,2.0%,0.02,0.0149,51.0,LOW
LU0688698975,OK_HEURISTIC,entry,Entry_Fee_Pct,5.3%,0.053,0.0,530.0,LOW
LU0694238501,WARN_EUR_ONLY,entry,Entry_Fee_Pct,Hasta 525 EUR,0.0525,0.0,525.0,LOW
LU0702159772,OK_HEURISTIC,entry,Entry_Fee_Pct,5.3%,0.053,0.0,530.0,LOW
LU0726765562,OK_HEURISTIC,oc,Ongoing_Charge_Recurrent,"1,41%",0.0141,0.0163,22.0,LOW
LU0740858229,OK_HEURISTIC,oc,Ongoing_Charge_Recurrent,"1,40%",0.014,0.0162,22.0,LOW
LU0740858492,OK_HEURISTIC,oc,Ongoing_Charge_Recurrent,"1,75%",0.0175,0.0197,22.0,LOW
LU0748075263,OK_HEURISTIC,oc,Ongoing_Charge_Recurrent,"1,80%",0.018,0.0202,22.0,LOW
LU0759999336,OK_HEURISTIC,oc,Ongoing_Charge_Recurrent,"1,78%",0.0178,0.0223,45.0,LOW
LU0760000421,OK_HEURISTIC,oc,Ongoing_Charge_Recurrent,"0,95%",0.0095,0.014,45.0,LOW
LU0762807625,OK_HEURISTIC,oc,Ongoing_Charge_Recurrent,"1,42%",0.0142,0.0164,22.0,LOW
LU0762813862,OK_HEURISTIC,oc,Ongoing_Charge_Recurrent,"0,75%",0.0075,0.0097,22.0,LOW
LU0766123821,OK_HEURISTIC,oc,Ongoing_Charge_Recurrent,2.7%,0.027,0.0265,5.0,LOW
LU0766124712,OK_HEURISTIC,oc,Ongoing_Charge_Recurrent,1.1%,0.011,0.0105,5.0,LOW
LU0766124712,OK_HEURISTIC,entry,Entry_Fee_Pct,3.5%,0.035,0.0,350.0,LOW
LU0776319500,OK_HEURISTIC,oc,Ongoing_Charge_Recurrent,"1,80%",0.018,0.0225,45.0,LOW
LU0781237614,WARN_EUR_ONLY,entry,Entry_Fee_Pct,Hasta 500 EUR,0.05,0.0,500.0,LOW
LU0781237705,WARN_EUR_ONLY,entry,Entry_Fee_Pct,Hasta 500 EUR,0.05,0.0,500.0,LOW
LU0781237887,WARN_EUR_ONLY,entry,Entry_Fee_Pct,Hasta 300 EUR,0.03,0.0,300.0,LOW
LU0781238778,WARN_EUR_ONLY,entry,Entry_Fee_Pct,Hasta 500 EUR,0.05,0.0,500.0,LOW
LU0781238935,WARN_EUR_ONLY,entry,Entry_Fee_Pct,Hasta 300 EUR,0.03,0.0,300.0,LOW
LU0781239586,WARN_EUR_ONLY,entry,Entry_Fee_Pct,Hasta 500 EUR,0.05,0.0,500.0,LOW
LU0781239743,WARN_EUR_ONLY,entry,Entry_Fee_Pct,Hasta 300 EUR,0.03,0.0,300.0,LOW
LU0781240089,WARN_EUR_ONLY,entry,Entry_Fee_Pct,Hasta 500 USD,0.05,0.0,500.0,LOW
LU0782316961,OK_HEURISTIC,oc,Ongoing_Charge_Recurrent,"0,75%",0.0075,0.0097,22.0,LOW
LU0783540387,OK_HEURISTIC,oc,Ongoing_Charge_Recurrent,"0,60%",0.006,0.0068,8.0,LOW
LU0808562614,OK_HEURISTIC,oc,Ongoing_Charge_Recurrent,"2,05%",0.0205,0.035,145.0,LOW
LU0812851797,OK_HEURISTIC,oc,Ongoing_Charge_Recurrent,"0,98%",0.0098,0.023,132.0,LOW
LU0813337002,WARN_EUR_ONLY,entry,Entry_Fee_Pct,Hasta 300 EUR,0.03,0.0,300.0,LOW
LU0815263628,WARN_EUR_ONLY,entry,Entry_Fee_Pct,Hasta 525 USD,0.0525,0.0,525.0,LOW
LU0815264352,WARN_EUR_ONLY,entry,Entry_Fee_Pct,Hasta 525 EUR,0.0525,0.0,525.0,LOW
LU0815274740,OK_HEURISTIC,oc,Ongoing_Charge_Recurrent,2.5%,0.025,0.031,60.0,NONE
LU0821077111,WARN_EUR_ONLY,entry,Entry_Fee_Pct,Hasta 500 EUR,0.05,0.0,500.0,LOW
LU0822042536,OK_HEURISTIC,oc,Ongoing_Charge_Recurrent,"0,95%",0.0095,0.0147,52.0,LOW
LU0822043773,OK_HEURISTIC,oc,Ongoing_Charge_Recurrent,"0,95%",0.0095,0.0136,41.0,LOW
LU0822049200,OK_HEURISTIC,oc,Ongoing_Charge_Recurrent,"0,78%",0.0078,0.0133,55.0,LOW
LU0828244052,OK_HEURISTIC,oc,Ongoing_Charge_Recurrent,"1,68%",0.0168,0.0179,11.0,LOW
LU0834154790,WARN_EUR_ONLY,entry,Entry_Fee_Pct,Hasta 200 USD,0.02,0.0,200.0,LOW
LU0846585023,OK_HEURISTIC,oc,Ongoing_Charge_Recurrent,"2,55%",0.0255,0.03,45.0,LOW
LU0848066766,OK_HEURISTIC,oc,Ongoing_Charge_Recurrent,"0,68%",0.0068,0.0101,33.0,LOW
LU0853555380,WARN_EUR_ONLY,entry,Entry_Fee_Pct,Hasta 300 EUR,0.03,0.0,300.0,HIGH
LU0853555463,WARN_EUR_ONLY,entry,Entry_Fee_Pct,Hasta 300 USD,0.03,0.0,300.0,HIGH
LU0859635202,WARN_EUR_ONLY,entry,Entry_Fee_Pct,Hasta 300 EUR,0.03,0.0,300.0,LOW
LU0859635384,WARN_EUR_ONLY,entry,Entry_Fee_Pct,Hasta 350 EUR,0.035,0.0,350.0,LOW
LU0867954264,OK_HEURISTIC,oc,Ongoing_Charge_Recurrent,"1,20%",0.012,0.0159,39.0,LOW
LU0867954421,OK_HEURISTIC,oc,Ongoing_Charge_Recurrent,"0,65%",0.0065,0.0104,39.0,LOW
LU0868753731,WARN_EUR_ONLY,entry,Entry_Fee_Pct,Hasta 525 USD,0.0525,0.0,525.0,LOW
LU0868754382,WARN_EUR_ONLY,entry,Entry_Fee_Pct,Hasta 525 EUR,0.0525,0.0,525.0,LOW
LU0870259008,OK_HEURISTIC,oc,Ongoing_Charge_Recurrent,"2,02%",0.0202,0.026,58.0,LOW
LU0870259263,OK_HEURISTIC,oc,Ongoing_Charge_Recurrent,"2,02%",0.0202,0.026,58.0,LOW
LU0870260600,OK_HEURISTIC,oc,Ongoing_Charge_Recurrent,"2,47%",0.0247,0.032,73.0,LOW
LU0870270153,OK_HEURISTIC,oc,Ongoing_Charge_Recurrent,"2,45%",0.0245,0.0263,18.0,LOW
LU0880062913,OK_HEURISTIC,oc,Ongoing_Charge_Recurrent,"1,71%",0.0171,0.0201,30.0,LOW
LU0885193531,OK_HEURISTIC,oc,Ongoing_Charge_Recurrent,"0,60%",0.006,0.0068,8.0,LOW
LU0890597635,OK_HEURISTIC,oc,Ongoing_Charge_Recurrent,"1,20%",0.012,0.0159,39.0,LOW
LU0890598104,OK_HEURISTIC,oc,Ongoing_Charge_Recurrent,"1,70%",0.017,0.0209,39.0,LOW
LU0895805017,WARN_EUR_ONLY,entry,Entry_Fee_Pct,Hasta 300 EUR,0.03,0.0,300.0,MEDIUM_CROSS
LU0900508002,OK_HEURISTIC,oc,Ongoing_Charge_Recurrent,"0,96%",0.0096,0.0107,11.0,LOW
LU0912192399,OK_HEURISTIC,entry,Entry_Fee_Pct,3.00%,0.03,0.05,200.0,LOW
LU0912200242,OK_HEURISTIC,entry,Entry_Fee_Pct,3.00%,0.03,0.05,200.0,LOW
LU0917670407,OK_HEURISTIC,oc,Ongoing_Charge_Recurrent,"1,45%",0.0145,0.0227,82.0,LOW
LU0917670829,OK_HEURISTIC,oc,Ongoing_Charge_Recurrent,"1,90%",0.019,0.0272,82.0,LOW
LU0922334643,OK_HEURISTIC,entry,Entry_Fee_Pct,5.3%,0.053,0.0,530.0,LOW
LU0936578532,OK_HEURISTIC,oc,Ongoing_Charge_Recurrent,1.1%,0.011,0.0105,5.0,LOW
LU0936578961,OK_HEURISTIC,oc,Ongoing_Charge_Recurrent,1.1%,0.011,0.0105,5.0,LOW
LU0940708216,OK_HEURISTIC,oc,Ongoing_Charge_Recurrent,"0,95%",0.0095,0.0147,52.0,LOW
LU0941349275,OK_HEURISTIC,oc,Ongoing_Charge_Recurrent,1.84%,0.0184,0.0199,15.0,LOW
LU0944408318,OK_HEURISTIC,oc,Ongoing_Charge_Recurrent,"0,97%",0.0097,0.011,13.0,LOW
LU0944408821,OK_HEURISTIC,oc,Ongoing_Charge_Recurrent,"1,18%",0.0118,0.014,22.0,LOW
LU0946219846,WARN_EUR_ONLY,entry,Entry_Fee_Pct,Hasta 500 EUR,0.05,0.0,500.0,HIGH
LU0946223103,WARN_EUR_ONLY,entry,Entry_Fee_Pct,Hasta 500 EUR,0.05,0.0,500.0,HIGH
LU0955010870,WARN_EUR_ONLY,entry,Entry_Fee_Pct,Hasta 525 USD,0.0525,0.0,525.0,LOW
LU0955011175,WARN_EUR_ONLY,entry,Entry_Fee_Pct,Hasta 200 USD,0.02,0.0,200.0,LOW
LU0955011506,WARN_EUR_ONLY,entry,Entry_Fee_Pct,Hasta 525 EUR,0.0525,0.0,525.0,LOW
LU0955861041,OK_HEURISTIC,oc,Ongoing_Charge_Recurrent,"0,88 %",0.0088,0.003,58.0,HIGH
LU0966156126,OK_HEURISTIC,oc,Ongoing_Charge_Recurrent,1.9%,0.019,0.0009,181.0,LOW
LU0966156126,OK_HEURISTIC,entry,Entry_Fee_Pct,5.3%,0.053,0.0,530.0,LOW
LU0966156399,OK_HEURISTIC,oc,Ongoing_Charge_Recurrent,2.7%,0.027,0.0012,258.0,LOW
LU0968254713,OK_HEURISTIC,oc,Ongoing_Charge_Recurrent,"0,95%",0.0095,0.0106,11.0,LOW
LU0973650160,OK_HEURISTIC,oc,Ongoing_Charge_Recurrent,"0,76%",0.0076,0.0119,43.0,LOW
LU0974355371,OK_HEURISTIC,oc,Ongoing_Charge_Recurrent,"1,20%",0.012,0.0159,39.0,LOW
LU0982976267,OK_HEURISTIC,oc,Ongoing_Charge_Recurrent,"1,02%",0.0102,0.0195,93.0,LOW
LU0982976267,OK_HEURISTIC,perf,Performance_Fee_Pct,0 %,0.0,0.0057,57.0,LOW
LU0987487336,OK_HEURISTIC,entry,Entry_Fee_Pct,5.3%,0.053,0.0,530.0,LOW
LU0987487419,OK_HEURISTIC,entry,Entry_Fee_Pct,5.3%,0.053,0.0,530.0,LOW
LU0988402904,OK_HEURISTIC,oc,Ongoing_Charge_Recurrent,1.27%,0.0127,0.0137,10.0,LOW
LU0989117667,WARN_EUR_ONLY,entry,Entry_Fee_Pct,Hasta 400 EUR,0.04,0.0,400.0,LOW
LU0989130413,WARN_EUR_ONLY,entry,Entry_Fee_Pct,Hasta 200 EUR,0.02,0.0,200.0,LOW
LU0994472909,OK_HEURISTIC,oc,Ongoing_Charge_Recurrent,"1,75%",0.0175,0.0268,93.0,LOW
LU0994472909,OK_HEURISTIC,perf,Performance_Fee_Pct,0 %,0.0,0.0017,17.0,LOW
LU0997536171,OK_HEURISTIC,oc,Ongoing_Charge_Recurrent,"0,95%",0.0095,0.0136,41.0,LOW
LU1001747408,OK_HEURISTIC,oc,Ongoing_Charge_Recurrent,"1,75%",0.0175,0.0306,131.0,LOW
LU1001748398,OK_HEURISTIC,oc,Ongoing_Charge_Recurrent,"0,98%",0.0098,0.0229,131.0,LOW
LU1002459144,OK_HEURISTIC,oc,Ongoing_Charge_Recurrent,"0,75%",0.0075,0.0097,22.0,LOW
LU1009728160,OK_HEURISTIC,oc,Ongoing_Charge_Recurrent,1.40%,0.014,0.0057,83.0,MEDIUM_EUR
LU1009765014,OK_HEURISTIC,oc,Ongoing_Charge_Recurrent,1.25%,0.0125,0.0023,102.0,MEDIUM_EUR
LU1021349151,OK_HEURISTIC,oc,Ongoing_Charge_Recurrent,"2,71%",0.0271,0.0301,30.0,LOW
LU1041599405,OK_HEURISTIC,oc,Ongoing_Charge_Recurrent,"1,18%",0.0118,0.0151,33.0,LOW
LU1041599587,OK_HEURISTIC,oc,Ongoing_Charge_Recurrent,"1,18%",0.0118,0.015,32.0,LOW
LU1041599744,OK_HEURISTIC,oc,Ongoing_Charge_Recurrent,"1,18%",0.0118,0.015,32.0,LOW
LU1041599744,OK_HEURISTIC,entry,Entry_Fee_Pct,"3,00%",0.03,0.0,300.0,LOW
LU1041600427,OK_HEURISTIC,oc,Ongoing_Charge_Recurrent,"0,65%",0.0065,0.0098,33.0,LOW
LU1041600690,OK_HEURISTIC,oc,Ongoing_Charge_Recurrent,"0,65%",0.0065,0.0097,32.0,LOW
LU1046623663,OK_HEURISTIC,oc,Ongoing_Charge_Recurrent,"0,95%",0.0095,0.0136,41.0,LOW
LU1046624125,OK_HEURISTIC,oc,Ongoing_Charge_Recurrent,"2,82%",0.0282,0.0375,93.0,LOW
LU1048657123,OK_HEURISTIC,oc,Ongoing_Charge_Recurrent,1.9%,0.019,0.0009,181.0,LOW
LU1048657123,OK_HEURISTIC,entry,Entry_Fee_Pct,5.3%,0.053,0.0,530.0,LOW
LU1048684796,OK_HEURISTIC,entry,Entry_Fee_Pct,5.3%,0.053,0.0,530.0,LOW
LU1054320897,WARN_EUR_ONLY,entry,Entry_Fee_Pct,Hasta 400 EUR,0.04,0.0,400.0,LOW
LU1054320970,WARN_EUR_ONLY,entry,Entry_Fee_Pct,Hasta 400 EUR,0.04,0.0,400.0,LOW
LU1054321192,WARN_EUR_ONLY,entry,Entry_Fee_Pct,Hasta 100 EUR,0.01,0.0,100.0,LOW
LU1056967877,OK_HEURISTIC,oc,Ongoing_Charge_Recurrent,"0,62%",0.0062,0.0101,39.0,LOW
LU1059923869,OK_HEURISTIC,oc,Ongoing_Charge_Recurrent,2.00%,0.02,0.0057,143.0,MEDIUM_EUR
LU1065154095,OK_HEURISTIC,oc,Ongoing_Charge_Recurrent,"1,68%",0.0168,0.02,32.0,LOW
LU1065154095,OK_HEURISTIC,entry,Entry_Fee_Pct,"3,00%",0.03,0.0,300.0,LOW
LU1074971026,WARN_EUR_ONLY,entry,Entry_Fee_Pct,Hasta 500 EUR,0.05,0.0,500.0,HIGH
LU1074971299,WARN_EUR_ONLY,entry,Entry_Fee_Pct,Hasta 500 EUR,0.05,0.0,500.0,HIGH
LU1075211869,OK_HEURISTIC,oc,Ongoing_Charge_Recurrent,"1,98 %",0.0198,0.0026,172.0,LOW
LU1092524096,OK_HEURISTIC,oc,Ongoing_Charge_Recurrent,"0,65%",0.0065,0.0104,39.0,LOW
LU1097688714,OK_HEURISTIC,oc,Ongoing_Charge_Recurrent,"1,62 %",0.0162,0.007,92.0,HIGH
LU1097688805,OK_HEURISTIC,oc,Ongoing_Charge_Recurrent,"1,62 %",0.0162,0.007,92.0,HIGH
LU1097689522,OK_HEURISTIC,oc,Ongoing_Charge_Recurrent,"2,12 %",0.0212,0.007,142.0,HIGH
LU1097689795,OK_HEURISTIC,oc,Ongoing_Charge_Recurrent,"2,12 %",0.0212,0.007,142.0,HIGH
LU1097689951,OK_HEURISTIC,oc,Ongoing_Charge_Recurrent,"0,89 %",0.0089,0.007,19.0,HIGH
LU1097692153,OK_HEURISTIC,oc,Ongoing_Charge_Recurrent,"1,61 %",0.0161,0.003,131.0,HIGH
LU1111995582,OK_HEURISTIC,oc,Ongoing_Charge_Recurrent,1.25 %,0.0125,0.029,165.0,MEDIUM_EUR
LU1111995665,OK_HEURISTIC,oc,Ongoing_Charge_Recurrent,1.75 %,0.0175,0.031,135.0,MEDIUM_EUR
LU1116430247,OK_HEURISTIC,entry,Entry_Fee_Pct,5.3%,0.053,0.0,530.0,LOW
LU1122765560,WARN_EUR_ONLY,entry,Entry_Fee_Pct,Hasta 100 EUR,0.01,0.0,100.0,LOW
LU1123736750,OK_HEURISTIC,oc,Ongoing_Charge_Recurrent,"0,97%",0.0097,0.011,13.0,LOW
LU1123739697,OK_HEURISTIC,oc,Ongoing_Charge_Recurrent,"2,72%",0.0272,0.029,18.0,LOW
LU1135780176,OK_HEURISTIC,oc,Ongoing_Charge_Recurrent,0.71 %,0.0071,0.013,59.0,MEDIUM_EUR
LU1176912761,OK_HEURISTIC,oc,Ongoing_Charge_Recurrent,"2,50%",0.025,0.0381,131.0,LOW
LU1186218753,WARN_EUR_ONLY,entry,Entry_Fee_Pct,Hasta 100 EUR,0.01,0.0,100.0,LOW
LU1211166183,OK_HEURISTIC,oc,Ongoing_Charge_Recurrent,"1,71%",0.0171,0.0185,14.0,LOW
LU1222731306,WARN_EUR_ONLY,entry,Entry_Fee_Pct,Hasta 500 USD,0.05,0.0,500.0,LOW
LU1225178372,WARN_EUR_ONLY,entry,Entry_Fee_Pct,Hasta 500 USD,0.05,0.0,500.0,LOW
LU1230072479,WARN_EUR_ONLY,entry,Entry_Fee_Pct,Hasta 500 EUR,0.05,0.0,500.0,LOW
LU1230072552,WARN_EUR_ONLY,entry,Entry_Fee_Pct,Hasta 500 EUR,0.05,0.0,500.0,LOW
LU1240328812,OK_HEURISTIC,oc,Ongoing_Charge_Recurrent,"1,70 %",0.017,0.0036,134.0,HIGH
LU1240329380,OK_HEURISTIC,oc,Ongoing_Charge_Recurrent,"2,45 %",0.0245,0.0036,209.0,HIGH
LU1245923484,WARN_EUR_ONLY,entry,Entry_Fee_Pct,Hasta 300 EUR,0.03,0.0,300.0,LOW
LU1252826018,OK_HEURISTIC,oc,Ongoing_Charge_Recurrent,"0,88 %",0.0088,0.0036,52.0,HIGH
LU1255011097,OK_HEURISTIC,oc,Ongoing_Charge_Recurrent,"1,73%",0.0173,0.0221,48.0,LOW
LU1255011170,OK_HEURISTIC,oc,Ongoing_Charge_Recurrent,"1,73%",0.0173,0.0221,48.0,LOW
LU1255011410,OK_HEURISTIC,oc,Ongoing_Charge_Recurrent,"0,97%",0.0097,0.0145,48.0,LOW
LU1255011501,OK_HEURISTIC,oc,Ongoing_Charge_Recurrent,"0,96%",0.0096,0.0144,48.0,LOW
LU1255011683,OK_HEURISTIC,oc,Ongoing_Charge_Recurrent,"0,96%",0.0096,0.0144,48.0,LOW
LU1255011766,OK_HEURISTIC,oc,Ongoing_Charge_Recurrent,"1,80%",0.018,0.0228,48.0,LOW
LU1261432659,OK_HEURISTIC,entry,Entry_Fee_Pct,5.3%,0.053,0.0,530.0,LOW
LU1276852313,WARN_EUR_ONLY,entry,Entry_Fee_Pct,Hasta 200 EUR,0.02,0.0,200.0,LOW
LU1277647191,WARN_EUR_ONLY,entry,Entry_Fee_Pct,Hasta 500 EUR,0.05,0.0,500.0,LOW
LU1277647431,WARN_EUR_ONLY,entry,Entry_Fee_Pct,Hasta 500 USD,0.05,0.0,500.0,LOW
LU1278917452,WARN_EUR_ONLY,entry,Entry_Fee_Pct,Hasta 500 EUR,0.05,0.0,500.0,NONE
LU1278917536,WARN_EUR_ONLY,entry,Entry_Fee_Pct,Hasta 300 EUR,0.03,0.0,300.0,NONE
LU1279333832,OK_HEURISTIC,oc,Ongoing_Charge_Recurrent,2.69%,0.0269,0.0278,9.0,LOW
LU1313547462,OK_HEURISTIC,entry,Entry_Fee_Pct,3.5%,0.035,0.0,350.0,MEDIUM_EUR
LU1322113884,WARN_EUR_ONLY,entry,Entry_Fee_Pct,Hasta 500 EUR,0.05,0.0,500.0,LOW
LU1340702692,OK_HEURISTIC,oc,Ongoing_Charge_Recurrent,"1,20%",0.012,0.0151,31.0,LOW
LU1340702932,OK_HEURISTIC,oc,Ongoing_Charge_Recurrent,"1,20%",0.012,0.0151,31.0,LOW
LU1340703070,OK_HEURISTIC,oc,Ongoing_Charge_Recurrent,"1,20%",0.012,0.0151,31.0,LOW
LU1378878430,WARN_EUR_ONLY,entry,Entry_Fee_Pct,Hasta 525 USD,0.0525,0.0,525.0,LOW
LU1378878869,WARN_EUR_ONLY,entry,Entry_Fee_Pct,Hasta 200 USD,0.02,0.0,200.0,LOW
LU1378879248,WARN_EUR_ONLY,entry,Entry_Fee_Pct,Hasta 525 EUR,0.0525,0.0,525.0,LOW
LU1387591305,WARN_EUR_ONLY,entry,Entry_Fee_Pct,Hasta 525 EUR,0.0525,0.0,525.0,LOW
LU1387592022,WARN_EUR_ONLY,entry,Entry_Fee_Pct,Hasta 200 USD,0.02,0.0,200.0,LOW
LU1442548993,OK_HEURISTIC,oc,Ongoing_Charge_Recurrent,"1,92%",0.0192,0.0208,16.0,LOW
LU1442549025,OK_HEURISTIC,oc,Ongoing_Charge_Recurrent,"1,92%",0.0192,0.034,148.0,LOW
LU1442549298,OK_HEURISTIC,oc,Ongoing_Charge_Recurrent,"1,94%",0.0194,0.034,146.0,LOW
LU1442549538,OK_HEURISTIC,oc,Ongoing_Charge_Recurrent,"0,92%",0.0092,0.0108,16.0,LOW
LU1442549884,OK_HEURISTIC,oc,Ongoing_Charge_Recurrent,"0,95%",0.0095,0.011,15.0,NONE
LU1458463079,OK_HEURISTIC,oc,Ongoing_Charge_Recurrent,"1,45%",0.0145,0.0166,21.0,LOW
LU1458463236,OK_HEURISTIC,oc,Ongoing_Charge_Recurrent,"1,45%",0.0145,0.0166,21.0,LOW
LU1458464713,OK_HEURISTIC,oc,Ongoing_Charge_Recurrent,"1,80%",0.018,0.0201,21.0,LOW
LU1458464804,OK_HEURISTIC,oc,Ongoing_Charge_Recurrent,"1,80%",0.018,0.0201,21.0,LOW
LU1529512482,OK_HEURISTIC,oc,Ongoing_Charge_Recurrent,"1,21%",0.0121,0.014,19.0,LOW
LU1529513373,OK_HEURISTIC,oc,Ongoing_Charge_Recurrent,"1,92%",0.0192,0.0208,16.0,LOW
LU1529808336,OK_HEURISTIC,oc,Ongoing_Charge_Recurrent,"1,72%",0.0172,0.0199,27.0,LOW
LU1529809060,OK_HEURISTIC,oc,Ongoing_Charge_Recurrent,"0,75%",0.0075,0.0102,27.0,LOW
LU1529809144,OK_HEURISTIC,oc,Ongoing_Charge_Recurrent,"2,50%",0.025,0.0277,27.0,LOW
LU1546474658,WARN_EUR_ONLY,entry,Entry_Fee_Pct,Hasta 100 USD,0.01,0.0,100.0,LOW
LU1560646298,WARN_EUR_ONLY,entry,Entry_Fee_Pct,Hasta 500 EUR,0.05,0.0,500.0,LOW
LU1577364778,OK_HEURISTIC,oc,Ongoing_Charge_Recurrent,2.6%,0.026,0.029,30.0,NONE
LU1590492135,OK_HEURISTIC,oc,Ongoing_Charge_Recurrent,"1,89 %",0.0189,0.0076,113.0,HIGH
LU1599544043,OK_HEURISTIC,oc,Ongoing_Charge_Recurrent,"0,91%",0.0091,0.0131,40.0,LOW
LU1616932866,WARN_EUR_ONLY,entry,Entry_Fee_Pct,Hasta 500 EUR,0.05,0.0,500.0,LOW
LU1616932940,WARN_EUR_ONLY,entry,Entry_Fee_Pct,Hasta 500 EUR,0.05,0.0,500.0,LOW
LU1625124802,OK_HEURISTIC,oc,Ongoing_Charge_Recurrent,"1,95%",0.0195,0.033,135.0,LOW
LU1625225666,OK_HEURISTIC,oc,Ongoing_Charge_Recurrent,"0,88 %",0.0088,0.003,58.0,HIGH
LU1642785908,OK_HEURISTIC,oc,Ongoing_Charge_Recurrent,"2,02 %",0.0202,0.0092,110.0,HIGH
LU1642786039,OK_HEURISTIC,oc,Ongoing_Charge_Recurrent,"2,02 %",0.0202,0.0086,116.0,HIGH
LU1646897196,OK_HEURISTIC,oc,Ongoing_Charge_Recurrent,"1,68%",0.0168,0.02,32.0,LOW
LU1646897196,OK_HEURISTIC,entry,Entry_Fee_Pct,"3,00%",0.03,0.0,300.0,LOW
LU1646897352,OK_HEURISTIC,oc,Ongoing_Charge_Recurrent,"0,65%",0.0065,0.0104,39.0,LOW
LU1687305786,WARN_EUR_ONLY,entry,Entry_Fee_Pct,Hasta 500 EUR,0.05,0.0,500.0,LOW
LU1687305943,WARN_EUR_ONLY,entry,Entry_Fee_Pct,Hasta 500 USD,0.05,0.0,500.0,LOW
LU1701679026,OK_HEURISTIC,oc,Ongoing_Charge_Recurrent,"0,89 %",0.0089,0.007,19.0,HIGH
LU1701701564,OK_HEURISTIC,oc,Ongoing_Charge_Recurrent,"0,88 %",0.0088,0.003,58.0,HIGH
LU1701702372,OK_HEURISTIC,oc,Ongoing_Charge_Recurrent,"1,18 %",0.0118,0.002,98.0,HIGH
LU1701702703,OK_HEURISTIC,oc,Ongoing_Charge_Recurrent,"1,47 %",0.0147,0.002,127.0,HIGH
LU1701862739,WARN_EUR_ONLY,entry,Entry_Fee_Pct,Hasta 500 EUR,0.05,0.0,500.0,NONE
LU1706108062,OK_HEURISTIC,oc,Ongoing_Charge_Recurrent,2.57%,0.0257,0.0028,229.0,MEDIUM_EUR
LU1706168710,OK_HEURISTIC,oc,Ongoing_Charge_Recurrent,"2,48%",0.0248,0.0296,48.0,LOW
LU1711970159,OK_HEURISTIC,oc,Ongoing_Charge_Recurrent,1.1%,0.011,0.0105,5.0,MEDIUM_EUR
LU1718419333,OK_HEURISTIC,oc,Ongoing_Charge_Recurrent,"0,77%",0.0077,0.0132,55.0,LOW
LU1720111282,OK_HEURISTIC,oc,Ongoing_Charge_Recurrent,1.5%,0.015,0.024,90.0,NONE
LU1720112173,OK_HEURISTIC,oc,Ongoing_Charge_Recurrent,0.2%,0.002,0.014,120.0,NONE
LU1720112504,OK_HEURISTIC,oc,Ongoing_Charge_Recurrent,0.2%,0.002,0.014,120.0,NONE
LU1729940673,WARN_EUR_ONLY,entry,Entry_Fee_Pct,Hasta 500 EUR,0.05,0.0,500.0,LOW
LU1731833304,OK_HEURISTIC,oc,Ongoing_Charge_Recurrent,1.1%,0.011,0.0105,5.0,LOW
LU1731833304,OK_HEURISTIC,entry,Entry_Fee_Pct,3.5%,0.035,0.0,350.0,LOW
LU1740984924,WARN_EUR_ONLY,entry,Entry_Fee_Pct,Hasta 300 EUR,0.03,0.0,300.0,LOW
LU1761538575,OK_HEURISTIC,oc,Ongoing_Charge_Recurrent,"0,92%",0.0092,0.0108,16.0,LOW
LU1769938041,WARN_EUR_ONLY,entry,Entry_Fee_Pct,Hasta 200 EUR,0.02,0.0,200.0,LOW
LU1769939106,WARN_EUR_ONLY,entry,Entry_Fee_Pct,Hasta 200 EUR,0.02,0.0,200.0,LOW
LU1769941003,WARN_EUR_ONLY,entry,Entry_Fee_Pct,Hasta 500 EUR,0.05,0.0,500.0,LOW
LU1769941268,WARN_EUR_ONLY,entry,Entry_Fee_Pct,Hasta 500 USD,0.05,0.0,500.0,LOW
LU1769942233,WARN_EUR_ONLY,entry,Entry_Fee_Pct,Hasta 200 EUR,0.02,0.0,200.0,LOW
LU1769943710,WARN_EUR_ONLY,entry,Entry_Fee_Pct,Hasta 500 EUR,0.05,0.0,500.0,NONE
LU1775949545,OK_HEURISTIC,oc,Ongoing_Charge_Recurrent,"1,96 %",0.0196,0.0042,154.0,HIGH
LU1775949628,OK_HEURISTIC,oc,Ongoing_Charge_Recurrent,"1,96 %",0.0196,0.0036,160.0,HIGH
LU1775949891,OK_HEURISTIC,oc,Ongoing_Charge_Recurrent,"1,96 %",0.0196,0.0036,160.0,HIGH
LU1775950980,OK_HEURISTIC,oc,Ongoing_Charge_Recurrent,"1,11 %",0.0111,0.0036,75.0,HIGH
LU1775951103,OK_HEURISTIC,oc,Ongoing_Charge_Recurrent,"1,11 %",0.0111,0.0036,75.0,HIGH
LU1775951368,OK_HEURISTIC,oc,Ongoing_Charge_Recurrent,"1,11 %",0.0111,0.0036,75.0,HIGH
LU1775951525,OK_HEURISTIC,oc,Ongoing_Charge_Recurrent,"1,96 %",0.0196,0.0036,160.0,HIGH
LU1775965582,OK_HEURISTIC,oc,Ongoing_Charge_Recurrent,"2,24 %",0.0224,0.0096,128.0,HIGH
LU1775979708,OK_HEURISTIC,oc,Ongoing_Charge_Recurrent,"1,78 %",0.0178,0.0058,120.0,LOW
LU1775980201,OK_HEURISTIC,oc,Ongoing_Charge_Recurrent,"2,28 %",0.0228,0.0058,170.0,LOW
LU1775980979,OK_HEURISTIC,oc,Ongoing_Charge_Recurrent,"0,97 %",0.0097,0.0022,75.0,HIGH
LU1801825941,OK_HEURISTIC,oc,Ongoing_Charge_Recurrent,"2,54%",0.0254,0.0299,45.0,LOW
LU1832115528,OK_HEURISTIC,oc,Ongoing_Charge_Recurrent,"1,81%",0.0181,0.0211,30.0,LOW
LU1832969650,WARN_EUR_ONLY,entry,Entry_Fee_Pct,Hasta 400 EUR,0.04,0.0,400.0,LOW
LU1859276286,WARN_EUR_ONLY,entry,Entry_Fee_Pct,Hasta 300 USD,0.03,0.0,300.0,NONE
LU1863261647,WARN_EUR_ONLY,entry,Entry_Fee_Pct,Hasta 500 EUR,0.05,0.0,500.0,LOW
LU1863262298,WARN_EUR_ONLY,entry,Entry_Fee_Pct,Hasta 500 EUR,0.05,0.0,500.0,LOW
LU1863263346,WARN_EUR_ONLY,entry,Entry_Fee_Pct,Hasta 500 EUR,0.05,0.0,500.0,LOW
LU1863263429,WARN_EUR_ONLY,entry,Entry_Fee_Pct,Hasta 500 EUR,0.05,0.0,500.0,LOW
LU1863264153,WARN_EUR_ONLY,entry,Entry_Fee_Pct,Hasta 500 EUR,0.05,0.0,500.0,LOW
LU1864442998,OK_HEURISTIC,oc,Ongoing_Charge_Recurrent,"1,74%",0.0174,0.0229,55.0,LOW
LU1868537090,WARN_EUR_ONLY,entry,Entry_Fee_Pct,Hasta 400 EUR,0.04,0.0,400.0,LOW
LU1873127523,OK_HEURISTIC,oc,Ongoing_Charge_Recurrent,"0,00%",0.0,0.0021,21.0,LOW
LU1873132101,OK_HEURISTIC,oc,Ongoing_Charge_Recurrent,"0,45%",0.0045,0.0058,13.0,HIGH
LU1873132366,OK_HEURISTIC,oc,Ongoing_Charge_Recurrent,"0,21%",0.0021,0.0034,13.0,HIGH
LU1873132523,OK_HEURISTIC,oc,Ongoing_Charge_Recurrent,"0,50%",0.005,0.0063,13.0,HIGH
LU1873225616,WARN_EUR_ONLY,entry,Entry_Fee_Pct,Hasta 300 EUR,0.03,0.0,300.0,NONE
LU1877585213,WARN_EUR_ONLY,entry,Entry_Fee_Pct,Hasta 500 USD,0.05,0.0,500.0,LOW
LU1877586708,WARN_EUR_ONLY,entry,Entry_Fee_Pct,Hasta 500 USD,0.05,0.0,500.0,LOW
LU1881477043,WARN_EUR_ONLY,entry,Entry_Fee_Pct,Hasta 500 EUR,0.05,0.0,500.0,LOW
LU1881477472,WARN_EUR_ONLY,entry,Entry_Fee_Pct,Hasta 500 USD,0.05,0.0,500.0,LOW
LU1881786690,OK_HEURISTIC,oc,Ongoing_Charge_Recurrent,0.7%,0.007,0.0095,25.0,LOW
LU1885668399,WARN_EUR_ONLY,entry,Entry_Fee_Pct,Hasta 500 USD,0.05,0.0,500.0,LOW
LU1891278043,WARN_EUR_ONLY,entry,Entry_Fee_Pct,Hasta 500 EUR,0.05,0.0,500.0,LOW
LU1891278472,WARN_EUR_ONLY,entry,Entry_Fee_Pct,Hasta 500 EUR,0.05,0.0,500.0,LOW
LU1891311356,WARN_EUR_ONLY,entry,Entry_Fee_Pct,Hasta 500 EUR,0.05,0.0,500.0,LOW
LU1892829315,OK_HEURISTIC,oc,Ongoing_Charge_Recurrent,1.9%,0.019,0.034,150.0,LOW
LU1892829315,OK_HEURISTIC,entry,Entry_Fee_Pct,5.3%,0.053,0.0,530.0,LOW
LU1892829828,OK_HEURISTIC,oc,Ongoing_Charge_Recurrent,1.9%,0.019,0.034,150.0,LOW
LU1892829828,OK_HEURISTIC,entry,Entry_Fee_Pct,5.3%,0.053,0.0,530.0,LOW
LU1892830248,OK_HEURISTIC,oc,Ongoing_Charge_Recurrent,1.9%,0.019,0.033,140.0,LOW
LU1892830248,OK_HEURISTIC,entry,Entry_Fee_Pct,5.3%,0.053,0.0,530.0,LOW
LU1914383705,WARN_EUR_ONLY,entry,Entry_Fee_Pct,Hasta 300 EUR,0.03,0.0,300.0,LOW
LU1914383960,WARN_EUR_ONLY,entry,Entry_Fee_Pct,Hasta 300 EUR,0.03,0.0,300.0,LOW
LU1914384182,WARN_EUR_ONLY,entry,Entry_Fee_Pct,Hasta 300 EUR,0.03,0.0,300.0,LOW
LU1914384349,WARN_EUR_ONLY,entry,Entry_Fee_Pct,Hasta 300 EUR,0.03,0.0,300.0,LOW
LU1914597502,OK_HEURISTIC,oc,Ongoing_Charge_Recurrent,"1,13%",0.0113,0.029,177.0,LOW
LU1932913178,WARN_EUR_ONLY,entry,Entry_Fee_Pct,Hasta 500 USD,0.05,0.0,500.0,LOW
LU1960067707,OK_HEURISTIC,oc,Ongoing_Charge_Recurrent,"1,72 %",0.0172,0.0022,150.0,HIGH
LU1964705062,OK_HEURISTIC,oc,Ongoing_Charge_Recurrent,"0,98%",0.0098,0.022,122.0,LOW
LU1965927921,WARN_EUR_ONLY,entry,Entry_Fee_Pct,Hasta 100 EUR,0.01,0.0,100.0,LOW
LU1982200609,WARN_EUR_ONLY,entry,Entry_Fee_Pct,Hasta 300 EUR,0.03,0.0,300.0,LOW
LU1984220373,WARN_EUR_ONLY,entry,Entry_Fee_Pct,Hasta 500 EUR,0.05,0.0,500.0,LOW
LU1984221009,WARN_EUR_ONLY,entry,Entry_Fee_Pct,Hasta 500 EUR,0.05,0.0,500.0,LOW
LU1998886177,OK_HEURISTIC,oc,Ongoing_Charge_Recurrent,1.9%,0.019,0.034,150.0,LOW
LU1998886177,OK_HEURISTIC,entry,Entry_Fee_Pct,5.3%,0.053,0.0,530.0,LOW
LU2027375281,WARN_EUR_ONLY,entry,Entry_Fee_Pct,Hasta 525 USD,0.0525,0.0,525.0,LOW
LU2034326152,WARN_EUR_ONLY,entry,Entry_Fee_Pct,Hasta 300 EUR,0.03,0.0,300.0,LOW
LU2034326236,WARN_EUR_ONLY,entry,Entry_Fee_Pct,Hasta 300 EUR,0.03,0.0,300.0,LOW
LU2034326319,WARN_EUR_ONLY,entry,Entry_Fee_Pct,Hasta 150 EUR,0.015,0.0,150.0,LOW
LU2034656020,OK_HEURISTIC,entry,Entry_Fee_Pct,3.5%,0.035,0.0,350.0,LOW
LU2050612402,OK_HEURISTIC,oc,Ongoing_Charge_Recurrent,"0,98%",0.0098,0.0107,9.0,LOW
LU2053353079,OK_HEURISTIC,oc,Ongoing_Charge_Recurrent,"0,99%",0.0099,0.0108,9.0,LOW
LU2068251110,OK_HEURISTIC,oc,Ongoing_Charge_Recurrent,"1,72 %",0.0172,0.0016,156.0,HIGH
LU2078916223,OK_HEURISTIC,oc,Ongoing_Charge_Recurrent,1.1%,0.011,0.0105,5.0,MEDIUM_EUR
LU2081627486,OK_HEURISTIC,oc,Ongoing_Charge_Recurrent,"0,97%",0.0097,0.0146,49.0,LOW
LU2084862254,WARN_EUR_ONLY,entry,Entry_Fee_Pct,Hasta 200 EUR,0.02,0.0,200.0,LOW
LU2091933452,OK_HEURISTIC,oc,Ongoing_Charge_Recurrent,"1,99%",0.0199,0.0208,9.0,LOW
LU2105777937,WARN_EUR_ONLY,exit,Exit_Fee_Pct,40 EUR,0.004,0.0,40.0,MEDIUM_EUR
LU2105778232,WARN_EUR_ONLY,exit,Exit_Fee_Pct,40 EUR,0.004,0.0,40.0,MEDIUM_EUR
LU2132879318,WARN_EUR_ONLY,entry,Entry_Fee_Pct,Hasta 100 USD,0.01,0.0,100.0,LOW
LU2132879409,WARN_EUR_ONLY,entry,Entry_Fee_Pct,Hasta 100 USD,0.01,0.0,100.0,LOW
LU2132879748,WARN_EUR_ONLY,entry,Entry_Fee_Pct,Hasta 100 EUR,0.01,0.0,100.0,NONE
LU2132879821,WARN_EUR_ONLY,entry,Entry_Fee_Pct,Hasta 100 EUR,0.01,0.0,100.0,NONE
LU2132880241,WARN_EUR_ONLY,entry,Entry_Fee_Pct,Hasta 100 EUR,0.01,0.0,100.0,NONE
LU2132880324,WARN_EUR_ONLY,entry,Entry_Fee_Pct,Hasta 100 EUR,0.01,0.0,100.0,NONE
LU2132880753,WARN_EUR_ONLY,entry,Entry_Fee_Pct,Hasta 100 USD,0.01,0.0,100.0,NONE
LU2132880837,WARN_EUR_ONLY,entry,Entry_Fee_Pct,Hasta 100 USD,0.01,0.0,100.0,NONE
LU2132881132,WARN_EUR_ONLY,entry,Entry_Fee_Pct,Hasta 100 USD,0.01,0.0,100.0,NONE
LU2132881215,WARN_EUR_ONLY,entry,Entry_Fee_Pct,Hasta 100 USD,0.01,0.0,100.0,NONE
LU2132881561,WARN_EUR_ONLY,entry,Entry_Fee_Pct,Hasta 100 USD,0.01,0.0,100.0,LOW
LU2132881645,WARN_EUR_ONLY,entry,Entry_Fee_Pct,Hasta 100 USD,0.01,0.0,100.0,LOW
LU2132882023,WARN_EUR_ONLY,entry,Entry_Fee_Pct,Hasta 100 EUR,0.01,0.0,100.0,NONE
LU2132882296,WARN_EUR_ONLY,entry,Entry_Fee_Pct,Hasta 100 EUR,0.01,0.0,100.0,NONE
LU2132882536,WARN_EUR_ONLY,entry,Entry_Fee_Pct,Hasta 100 USD,0.01,0.0,100.0,NONE
LU2132882619,WARN_EUR_ONLY,entry,Entry_Fee_Pct,Hasta 100 USD,0.01,0.0,100.0,NONE
LU2132882965,WARN_EUR_ONLY,entry,Entry_Fee_Pct,Hasta 100 EUR,0.01,0.0,100.0,NONE
LU2132883005,WARN_EUR_ONLY,entry,Entry_Fee_Pct,Hasta 100 EUR,0.01,0.0,100.0,NONE
LU2132883344,WARN_EUR_ONLY,entry,Entry_Fee_Pct,Hasta 100 EUR,0.01,0.0,100.0,LOW
LU2132883427,WARN_EUR_ONLY,entry,Entry_Fee_Pct,Hasta 100 EUR,0.01,0.0,100.0,LOW
LU2162004621,WARN_EUR_ONLY,entry,Entry_Fee_Pct,Hasta 500 EUR,0.05,0.0,500.0,LOW
LU2168317308,OK_HEURISTIC,oc,Ongoing_Charge_Recurrent,"1,89 %",0.0189,0.007,119.0,HIGH
LU2228920075,OK_HEURISTIC,oc,Ongoing_Charge_Recurrent,"2,02%",0.0202,0.0211,9.0,LOW
LU2242763204,OK_HEURISTIC,oc,Ongoing_Charge_Recurrent,"2,04 %",0.0204,0.0126,78.0,HIGH
LU2257583109,OK_HEURISTIC,oc,Ongoing_Charge_Recurrent,"1,80%",0.018,0.0225,45.0,LOW
LU2258442594,WARN_EUR_ONLY,entry,Entry_Fee_Pct,Hasta 400 EUR,0.04,0.0,400.0,NONE
LU2258442750,WARN_EUR_ONLY,entry,Entry_Fee_Pct,Hasta 400 EUR,0.04,0.0,400.0,LOW
LU2258442917,WARN_EUR_ONLY,entry,Entry_Fee_Pct,Hasta 400 EUR,0.04,0.0,400.0,NONE
LU2258443139,WARN_EUR_ONLY,entry,Entry_Fee_Pct,Hasta 400 EUR,0.04,0.0,400.0,NONE
LU2258449417,WARN_EUR_ONLY,entry,Entry_Fee_Pct,Hasta 400 EUR,0.04,0.0,400.0,NONE
LU2295319219,WARN_EUR_ONLY,entry,Entry_Fee_Pct,Hasta 525 EUR,0.0525,0.0,525.0,LOW
LU2295319300,WARN_EUR_ONLY,entry,Entry_Fee_Pct,Hasta 525 EUR,0.0525,0.0,525.0,LOW
LU2295319482,WARN_EUR_ONLY,entry,Entry_Fee_Pct,Hasta 525 EUR,0.0525,0.0,525.0,LOW
LU2295319565,WARN_EUR_ONLY,entry,Entry_Fee_Pct,Hasta 525 EUR,0.0525,0.0,525.0,LOW
LU2295320068,WARN_EUR_ONLY,entry,Entry_Fee_Pct,Hasta 525 EUR,0.0525,0.0,525.0,LOW
LU2295320225,WARN_EUR_ONLY,entry,Entry_Fee_Pct,Hasta 525 EUR,0.0525,0.0,525.0,LOW
LU2305832698,OK_HEURISTIC,oc,Ongoing_Charge_Recurrent,"1,96 %",0.0196,0.0042,154.0,HIGH
LU2305832771,OK_HEURISTIC,oc,Ongoing_Charge_Recurrent,"1,96 %",0.0196,0.0036,160.0,HIGH
LU2305832854,OK_HEURISTIC,oc,Ongoing_Charge_Recurrent,"1,11 %",0.0111,0.0042,69.0,HIGH
LU2306921490,WARN_EUR_ONLY,entry,Entry_Fee_Pct,Hasta 500 EUR,0.05,0.0,500.0,LOW
LU2308174304,WARN_EUR_ONLY,entry,Entry_Fee_Pct,Hasta 525 EUR,0.0525,0.0,525.0,LOW
LU2330519427,WARN_EUR_ONLY,entry,Entry_Fee_Pct,Hasta 300 USD,0.03,0.0,300.0,NONE
LU2330520607,WARN_EUR_ONLY,entry,Entry_Fee_Pct,Hasta 300 USD,0.03,0.0,300.0,NONE
LU2330520789,WARN_EUR_ONLY,entry,Entry_Fee_Pct,Hasta 100 USD,0.01,0.0,100.0,NONE
LU2330520862,WARN_EUR_ONLY,entry,Entry_Fee_Pct,Hasta 300 USD,0.03,0.0,300.0,NONE
LU2334589889,WARN_EUR_ONLY,entry,Entry_Fee_Pct,Hasta 400 EUR,0.04,0.0,400.0,LOW
LU2337806421,WARN_EUR_ONLY,entry,Entry_Fee_Pct,Hasta 525 EUR,0.0525,0.0,525.0,LOW
LU2348703278,OK_HEURISTIC,entry,Entry_Fee_Pct,5.3%,0.053,0.0,530.0,LOW
LU2357626170,WARN_EUR_ONLY,entry,Entry_Fee_Pct,Hasta 300 EUR,0.03,0.0,300.0,LOW
LU2357751820,WARN_EUR_ONLY,entry,Entry_Fee_Pct,Hasta 500 USD,0.05,0.0,500.0,NONE
LU2357944896,WARN_EUR_ONLY,entry,Entry_Fee_Pct,Hasta 300 EUR,0.03,0.0,300.0,LOW
LU2363199030,OK_HEURISTIC,oc,Ongoing_Charge_Recurrent,"1,83%",0.0183,0.0194,11.0,LOW
LU2363199386,OK_HEURISTIC,oc,Ongoing_Charge_Recurrent,"0,70%",0.007,0.0081,11.0,LOW
LU2363199469,OK_HEURISTIC,oc,Ongoing_Charge_Recurrent,"0,70%",0.007,0.0081,11.0,LOW
LU2468423889,WARN_EUR_ONLY,entry,Entry_Fee_Pct,Hasta 200 EUR,0.02,0.0,200.0,NONE
LU2503881109,WARN_EUR_ONLY,entry,Entry_Fee_Pct,Hasta 150 EUR,0.015,0.0,150.0,NONE
LU2503881521,WARN_EUR_ONLY,entry,Entry_Fee_Pct,Hasta 150 EUR,0.015,0.0,150.0,NONE
LU2503881794,WARN_EUR_ONLY,entry,Entry_Fee_Pct,Hasta 300 EUR,0.03,0.0,300.0,NONE
LU2503881950,WARN_EUR_ONLY,entry,Entry_Fee_Pct,Hasta 300 EUR,0.03,0.0,300.0,NONE
LU2530422497,OK_HEURISTIC,oc,Ongoing_Charge_Recurrent,"1,59 %",0.0159,0.0026,133.0,HIGH
LU2535286996,WARN_EUR_ONLY,entry,Entry_Fee_Pct,Hasta 525 USD,0.0525,0.0,525.0,LOW
LU2540616898,WARN_EUR_ONLY,entry,Entry_Fee_Pct,Hasta 300 EUR,0.03,0.0,300.0,LOW
LU2540617516,WARN_EUR_ONLY,entry,Entry_Fee_Pct,Hasta 500 USD,0.05,0.0,500.0,LOW
LU2540617607,WARN_EUR_ONLY,entry,Entry_Fee_Pct,Hasta 500 USD,0.05,0.0,500.0,LOW
LU2548824452,WARN_EUR_ONLY,entry,Entry_Fee_Pct,Hasta 500 EUR,0.05,0.0,500.0,LOW
LU2560836129,OK_HEURISTIC,oc,Ongoing_Charge_Recurrent,"1,76%",0.0176,0.024,64.0,LOW
LU2576232115,WARN_EUR_ONLY,entry,Entry_Fee_Pct,Hasta 300 EUR,0.03,0.0,300.0,LOW
LU2576232388,WARN_EUR_ONLY,entry,Entry_Fee_Pct,Hasta 300 EUR,0.03,0.0,300.0,LOW
LU2598445844,WARN_EUR_ONLY,entry,Entry_Fee_Pct,Hasta 200 EUR,0.02,0.0,200.0,LOW
LU2598445927,WARN_EUR_ONLY,entry,Entry_Fee_Pct,Hasta 200 EUR,0.02,0.0,200.0,LOW
LU2598446065,WARN_EUR_ONLY,entry,Entry_Fee_Pct,Hasta 200 EUR,0.02,0.0,200.0,LOW
LU2598446149,WARN_EUR_ONLY,entry,Entry_Fee_Pct,Hasta 200 EUR,0.02,0.0,200.0,LOW
LU2598446222,WARN_EUR_ONLY,entry,Entry_Fee_Pct,Hasta 200 EUR,0.02,0.0,200.0,LOW
LU2601036101,OK_HEURISTIC,oc,Ongoing_Charge_Recurrent,"2,03 %",0.0203,0.0162,41.0,HIGH
LU2601038149,OK_HEURISTIC,oc,Ongoing_Charge_Recurrent,"1,07 %",0.0107,0.0004,103.0,HIGH
LU2601038222,OK_HEURISTIC,oc,Ongoing_Charge_Recurrent,"1,35 %",0.0135,0.0036,99.0,HIGH
LU2601038735,OK_HEURISTIC,oc,Ongoing_Charge_Recurrent,"1,78 %",0.0178,0.0058,120.0,HIGH
LU2606014236,OK_HEURISTIC,oc,Ongoing_Charge_Recurrent,"2,03 %",0.0203,0.0118,85.0,LOW
LU2632499500,WARN_EUR_ONLY,entry,Entry_Fee_Pct,Hasta 500 EUR,0.05,0.0,500.0,LOW
LU2632499682,WARN_EUR_ONLY,entry,Entry_Fee_Pct,Hasta 500 EUR,0.05,0.0,500.0,LOW
LU2705801228,WARN_EUR_ONLY,entry,Entry_Fee_Pct,Hasta 250 EUR,0.025,0.0,250.0,NONE
LU2705801228,WARN_EUR_ONLY,exit,Exit_Fee_Pct,0 EUR,0.0,0.0025,25.0,NONE
LU2705801491,WARN_EUR_ONLY,entry,Entry_Fee_Pct,Hasta 250 EUR,0.025,0.0,250.0,NONE
LU2705801491,WARN_EUR_ONLY,exit,Exit_Fee_Pct,0 EUR,0.0,0.0025,25.0,NONE
LU2705801574,WARN_EUR_ONLY,entry,Entry_Fee_Pct,Hasta 250 EUR,0.025,0.0,250.0,NONE
LU2705801574,WARN_EUR_ONLY,exit,Exit_Fee_Pct,0 EUR,0.0,0.0025,25.0,NONE
LU2705801657,WARN_EUR_ONLY,entry,Entry_Fee_Pct,Hasta 250 EUR,0.025,0.0,250.0,NONE
LU2705801657,WARN_EUR_ONLY,exit,Exit_Fee_Pct,0 EUR,0.0,0.0025,25.0,NONE
LU2751689634,WARN_EUR_ONLY,entry,Entry_Fee_Pct,Hasta 200 EUR,0.02,0.0,200.0,LOW
LU2788382773,WARN_EUR_ONLY,entry,Entry_Fee_Pct,Hasta 500 EUR,0.05,0.0,500.0,LOW
LU2904663007,WARN_EUR_ONLY,entry,Entry_Fee_Pct,Hasta 400 EUR,0.04,0.0,400.0,LOW
LU2904663189,WARN_EUR_ONLY,entry,Entry_Fee_Pct,Hasta 400 EUR,0.04,0.0,400.0,LOW
LU2904663262,WARN_EUR_ONLY,entry,Entry_Fee_Pct,Hasta 400 USD,0.04,0.0,400.0,LOW
LU2904663346,WARN_EUR_ONLY,entry,Entry_Fee_Pct,Hasta 400 USD,0.04,0.0,400.0,LOW
LU3085135567,OK_HEURISTIC,oc,Ongoing_Charge_Recurrent,"1,98 %",0.0198,0.002,178.0,MEDIUM_EUR
LU3085135641,OK_HEURISTIC,oc,Ongoing_Charge_Recurrent,"1,78 %",0.0178,0.002,158.0,MEDIUM_EUR
LU3085135724,OK_HEURISTIC,oc,Ongoing_Charge_Recurrent,"1,58 %",0.0158,0.002,138.0,MEDIUM_EUR
LU3103685635,OK_HEURISTIC,oc,Ongoing_Charge_Recurrent,"1,21%",0.0121,0.014,19.0,LOW
LU3168089566,WARN_EUR_ONLY,entry,Entry_Fee_Pct,Hasta 500 EUR,0.05,0.0,500.0,
LU3168089640,WARN_EUR_ONLY,entry,Entry_Fee_Pct,Hasta 500 EUR,0.05,0.0,500.0,
LU3168089723,WARN_EUR_ONLY,entry,Entry_Fee_Pct,Hasta 500 EUR,0.05,0.0,500.0,
LU3168089996,WARN_EUR_ONLY,entry,Entry_Fee_Pct,Hasta 500 USD,0.05,0.0,500.0,
LU3168090069,WARN_EUR_ONLY,entry,Entry_Fee_Pct,Hasta 500 USD,0.05,0.0,500.0,
LU3168090143,WARN_EUR_ONLY,entry,Entry_Fee_Pct,Hasta 500 USD,0.05,0.0,500.0,
LU3168090226,WARN_EUR_ONLY,entry,Entry_Fee_Pct,Hasta 500 USD,0.05,0.0,500.0,
